id,topic,freq,skip
Q13442814,scholarly article,1012,0
Q29642950,Python library,384,
Q341,free software,375,
Q5,human,267,0
Q482994,album,261,0
Q783866,JavaScript library,236,
Q7397,software,212,
Q11424,film,207,0
Q4830453,business,176,
Q235557,file format,151,
Q17155032,software category,126,
Q215380,musical group,112,0
Q9143,programming language,111,
Q188860,software library,110,
Q5633421,scientific journal,87,0
Q7187,gene,79,
Q16521,taxon,76,
Q506883,free and open-source software,72,
Q11862829,academic discipline,65,
Q1330336,web framework,63,
Q838795,comic strip,61,0
Q35127,website,61,
Q134556,single,59,0
Q165194,application programming interface,59,
Q1248784,airport,57,0
Q28640,profession,57,0
Q3305213,painting,57,0
Q271680,software framework,56,
Q7889,video game,54,
Q101352,family name,50,0
Q15836568,computer network protocol,50,
Q41298,magazine,48,0
Q6881511,enterprise,48,
Q241317,computing platform,46,
Q166142,application,46,
Q66747126,computer science term,45,
Q4485156,software feature,44,
Q11173,chemical compound,40,
Q12772052,multi-paradigm programming language,38,
Q151885,concept,38,
Q94993988,commercial traffic aerodrome,37,0
Q43229,organization,37,
Q1130645,open-source software,36,
Q6805426,MediaWiki extension,35,0
Q7725634,literary work,34,0
Q899523,object-based language,34,
Q1668024,service on internet,34,
Q3331189,"version, edition, or translation",33,0
Q5398426,television series,32,0
Q9135,operating system,32,
Q737498,academic journal,31,0
Q3839507,functional programming language,31,
Q891723,public company,31,
Q620615,mobile app,29,
Q3863,asteroid,28,0
Q163740,nonprofit organization,28,0
Q12737077,occupation,28,0
Q47461344,written work,27,0
Q47258130,scientific conference series,27,0
Q212971,Request for Comments,27,0
Q1993334,interpreted language,26,
Q483639,cloud computing,26,
Q532,village,25,0
Q187432,scripting language,25,
Q4671286,academic major,25,
Q3624078,sovereign state,24,0
Q34770,language,23,0
Q13741,integrated development environment,23,
Q7278,political party,22,0
Q21191270,television series episode,22,0
Q218616,proprietary software,22,
Q10929058,model,22,
Q484170,commune of France,21,0
Q6256,country,21,0
Q28922885,procedural programming language,21,
Q131093,content management system,21,
Q132364,communications protocol,21,
Q268592,industry,21,
Q7318358,review article,20,0
Q1002697,periodical,20,0
Q105543609,musical work/composition,20,0
Q21562092,imperative programming language,20,
Q317623,technical standard,20,
Q3932296,relational database management system,20,
Q131212,text editor,20,
Q8054,protein,20,
Q1093829,city of the United States,19,0
Q17343829,unincorporated community in the United States,19,0
Q773668,open-access journal,19,0
Q4164871,position,19,0
Q188267,programming paradigm,19,
Q1288568,modern language,18,0
Q1461523,console application,18,
Q15632617,fictional human,17,0
Q4022,river,17,0
Q13479982,cryptocurrency,17,
Q3220391,social networking service,17,
Q871232,editorial,17,
Q1114461,comics character,16,0
Q644371,international airport,16,0
Q1914636,activity,16,0
Q15056993,aircraft family,16,0
Q476028,association football club,16,0
Q193564,game engine,16,
Q11288,web server,16,
Q2695280,technique,16,
Q12140,medication,15,0
Q3918,university,15,0
Q188451,music genre,15,0
Q40056,computer program,15,
Q783794,company,15,
Q1058914,software company,14,
Q20825628,GNU package,14,
Q131669,Linux distribution,14,
Q18343316,standard UNIX utility,14,
Q24862,short film,13,0
Q223393,literary genre,13,0
Q20202269,musical term,13,0
Q11060274,print,13,0
Q483394,genre,13,0
Q184148,plug-in,13,
Q2996394,biological process,13,
Q8366,algorithm,13,
Q22988604,mythological Greek character,12,0
Q498162,census-designated place,12,0
Q170584,project,12,
Q20202982,Web API,12,
Q93184,drawing,12,
Q131436,board game,12,
Q1298668,research project,12,
Q41710,ethnic group,11,0
Q1143604,proceedings,11,0
Q327333,government agency,11,0
Q1077784,programming tool,11,
Q37045,markup language,11,
Q1799072,method,11,
Q891055,package management system,11,
Q659563,video game genre,11,
Q24034552,mathematical concept,11,
Q2462003,instant messaging client,11,
Q23442,island,10,0
Q18127,record label,10,0
Q811701,model series,10,
Q11344,chemical element,10,
Q96273743,type of test,10,
Q431289,brand,10,
Q181156,software design pattern,10,
Q467707,software development kit,10,
Q5014368,CSS framework,10,
Q21014462,cell line,10,
Q8148,industry,10,
Q98400282,application-level package manager,10,
Q1047113,specialty,10,
Q6368,web browser,10,
Q20155966,XML application,10,
Q635346,architectural pattern,10,
Q15416,television program,10,
Q1207505,quality,10,
Q47506,compiler,10,
Q1969448,term,10,
Q486972,human settlement,9,0
Q7366,song,9,0
Q726,horse,9,0
Q21198342,manga series,9,0
Q2001305,television channel,9,0
Q1792379,art genre,9,0
Q515,city,9,0
Q17633526,Wikinews article,9,0
Q920890,mobile operating system,9,
Q1371279,server software,9,
Q308980,daemon,9,
Q58778,system,9,
Q2465832,branch of science,9,
Q24451526,data serialization format,9,
Q2727468,build automation,9,
Q272683,instruction set architecture,9,
Q1980247,chapter,8,0
Q860861,sculpture,8,0
Q786820,automobile manufacturer,8,0
Q1004415,run-time system,8,
Q651794,compiled language,8,
Q4117406,implementation of a programming language,8,
Q756637,application framework,8,
Q176165,database management system,8,
Q28937412,command line interface language,8,
Q845739,query language,8,
Q740752,transport company,8,
Q4897819,role,8,
Q8187769,economic activity,8,
Q29469,generic top-level domain,8,
Q1193246,widget toolkit,8,
Q312466,utility software,8,
Q50843083,off-side rule language,7,0
Q169930,extended play,7,0
Q15773317,television character,7,0
Q747074,comune of Italy,7,0
Q201658,film genre,7,0
Q3241972,character,7,0
Q15127012,town of the United States,7,0
Q94102244,flow element,7,0
Q11446,ship,7,0
Q2235308,ship type,7,0
Q55983715,organisms known by a particular common name,7,0
Q13226383,facility,7,0
Q8502,mountain,7,0
Q5741069,rock group,7,0
Q11032,newspaper,7,0
Q506240,television film,7,0
Q31629,type of sport,7,0
Q571,book,7,0
Q8142,currency,7,
Q1029123,style sheet language,7,
Q55488,railway station,7,
Q11368,Unix,7,
Q55990535,computer model,7,
Q20514253,blockchain,7,
Q189210,web application,7,
Q21127166,Java software library,7,
Q174989,file system,7,
Q351507,template processor,7,
Q28920813,событийно-ориентированный язык программирования,6,
Q19776628,Latin-script letter,6,0
Q2661442,W3C Recommendation,6,0
Q73364223,society journal,6,0
Q193424,web service,6,
Q123480,landlocked country,6,0
Q46970,airline,6,0
Q751708,village in the United States,6,0
Q49773,social movement,6,0
Q695850,airbase,6,0
Q196600,media franchise,6,0
Q79007,street,6,0
Q2385804,educational institution,6,0
Q1616075,television station,6,0
Q19361238,Wikidata metaclass,6,0
Q2085381,publisher,6,0
Q62447,aerodrome,6,0
Q33104279,philosophical concept,6,0
Q249556,railway company,6,0
Q82047057,UCUM derived unit,6,0
Q13433827,encyclopedia article,6,0
Q1437937,permissive free software license,6,0
Q253019,Ortsteil,6,0
Q13406463,Wikimedia list article,6,0
Q12308941,male given name,6,0
Q27031827,open data portal,6,0
Q189053,command-line interface,6,
Q1194970,dot-com company,6,
Q10836209,digital currency,6,
Q522972,source code editor,6,
Q1936384,area of mathematics,6,
Q18109,operating system shell,6,
Q7094076,online database,6,
Q627436,field of work,6,
Q6545185,unique identifier,6,
Q681263,open standard,6,
Q15008061,Firefox extension,6,
Q193231,debugger,6,
Q11016,technology,6,
Q42032,country code top-level domain,6,
Q11691,stock exchange,6,
Q3841820,consonant letter,5,0
Q15711870,animated character,5,0
Q875538,public university,5,0
Q45400320,open-access publisher,5,0
Q31855,research institute,5,0
Q3231690,automobile model,5,0
Q2225692,fourth-level administrative division in Indonesia,5,0
Q5084,hamlet,5,0
Q18327510,fictional robot,5,0
Q124714,spring,5,0
Q55155149,specification edition,5,0
Q94102316,phrasing element,5,0
Q94102319,embedded element,5,0
Q94102326,palpable element,5,0
Q1549591,big city,5,0
Q1720648,comparison,5,0
Q34442,road,5,0
Q262166,municipality of Germany,5,0
Q112099,island nation,5,0
Q70208,municipality of Switzerland,5,0
Q15961987,television genre,5,0
Q838948,work of art,5,0
Q15633582,MediaWiki website,5,0
Q732577,publication,5,0
Q63952888,anime television series,5,0
Q2135465,legal concept,5,0
Q4360,pulsar,5,0
Q28920810,prototype-based programming language,5,
Q986008,payment system,5,
Q167270,trademark,5,
Q105989562,UNIX 03,5,
Q28923026,generic programming language,5,
Q5519929,game creation system,5,
Q1810858,blog software,5,
Q16935517,text-based protocol,5,
Q336705,document file format,5,
Q3077240,forge,5,
Q874411,browser extension,5,
Q1144882,declarative programming language,5,
Q42195763,SQL keyword,5,
Q220644,service oriented architecture,5,
Q340169,communication medium,5,
Q12812139,technical term,5,
Q26085352,file format family,5,
Q14663,Unix shell,5,
Q19307174,digital distribution platform,5,
Q24789150,JavaScript framework,5,
Q716676,class of computers,5,
Q47574,unit of measurement,5,
Q29028649,economic concept,5,
Q427626,taxonomic rank,5,
Q10843872,engineering process,5,
Q190087,data type,5,
Q937228,property,5,
Q605117,graphical widget,5,
Q71550,application server,5,
Q8928,constellation,5,
Q860676,image viewer,5,
Q1156659,OSI-approved license,5,
Q5975031,copyleft free software license,5,
Q49848,document,5,
Q19967801,online service,5,
Q1254596,software as a service,5,
Q63533016,game engine version,5,
Q1079196,command,5,
Q1188693,mind sport,4,0
Q658255,subsidiary,4,0
Q1001378,cinematic technique,4,
Q1094617,mutant,4,0
Q202444,given name,4,0
Q1555508,radio program,4,0
Q62049,county seat,4,0
Q17362920,Wikimedia duplicated page,4,0
Q507619,retail chain,4,0
Q15275719,recurring event,4,0
Q11483816,annual event,4,0
Q17558136,YouTube channel,4,0
Q55278922,Vivaldi window command,4,0
Q5185279,poem,4,0
Q355304,watercourse,4,0
Q21484471,Wikipedia article covering multiple topics,4,0
Q15056995,aircraft model,4,0
Q1110794,daily newspaper,4,0
Q902104,private university,4,0
Q839954,archaeological site,4,0
Q1790144,unit of time,4,0
Q859170,color scheme,4,0
Q11879590,female given name,4,0
Q72398691,video game news website,4,0
Q23927052,conference paper,4,0
Q4936952,anatomical structure,4,0
Q80447738,anime character,4,0
Q2312410,sports discipline,4,0
Q46855,hackathon,4,0
Q21481290,MediaWiki configuration setting,4,0
Q41176,building,4,0
Q96251598,type of object,4,0
Q58483083,dramatico-musical work,4,0
Q21674818,MediaWiki hook,4,0
Q2485448,sports governing body,4,0
Q3914,school,4,0
Q56062429,JVM language,4,
Q14656,Unix-like operating system,4,
Q39998995,Linux Foundation Project,4,
Q5499621,free-form language,4,
Q1210425,internet hosting service,4,
Q82231,NoSQL database management system,4,
Q1028939,lightweight markup language,4,
Q2092884,tiling window manager,4,
Q18388277,technology company,4,
Q60484681,computer model series,4,
Q3958022,serverless computing,4,
Q94102323,interactive element,4,
Q1971694,game mode,4,
Q638608,software development,4,
Q59913930,recording industry term,4,
Q1378470,software development methodology,4,
Q28598684,branch of biology,4,
Q1439691,photographic technique,4,
Q4117139,biological database,4,
Q1186471,multimedia framework,4,
Q842397,web feed,4,
Q14296,top-level domain,4,
Q1037852,public-domain software,4,
Q15614021,VoIP software,4,
Q44909815,DL-methamphetamine,4,
Q109195877,1-phenylpropan-2-amine alkaloid,4,
Q5375622,encryption software,4,
Q79913,non-governmental organization,4,
Q81941037,product distribution method,4,
Q1172284,data set,4,
Q66739921,chess term,4,
Q290378,Internet Standard,4,
Q827335,abstract data type,4,
Q2424752,product,4,
Q500669,technical process,4,
Q81989119,video game distribution platform,4,
Q1334294,software repository,4,
Q21125433,free or open-source video game,4,
Q914359,cloud storage,4,
Q35120,entity,4,
Q20819677,technical specification,4,
Q55070019,video game feature,4,
Q210167,video game developer,4,
Q105599390,raster-graphics file format,4,
Q2351962,raster graphics editor,4,
Q58199,instant messaging,4,
Q17339814,group or class of chemical substances,4,
Q14116,macOS,4,
Q215819,Microsoft SQL Server,4,
Q3943414,free software license,4,
Q2916479,shopping cart software,4,
Q732970,file manager,4,
Q631425,vulnerability,4,
Q21550639,geometric concept,4,
Q17451,typeface,4,
Q181593,sorting algorithm,4,
Q595971,graph database,4,
Q400857,environment variable,4,
Q15618492,software testing tool,4,
Q1115575,civil parish,3,0
Q667509,municipality of Austria,3,0
Q1075,color,3,0
Q9655,artery,3,0
Q9609,vein,3,0
Q24354,theatre,3,0
Q16887380,group,3,0
Q1235236,document-oriented database,3,0
Q4220920,filmmaking occupation,3,0
Q5227240,data library,3,0
Q21286738,Wikimedia permanent duplicate item,3,0
Q25851843,CRedIT contributor role,3,0
Q27785883,conference proceedings series,3,0
Q108300140,occupation group according to ISCO,3,0
Q22989102,Greek deity,3,0
Q739302,production,3,0
Q1615742,province of China,3,0
Q56055944,art form,3,0
Q66715801,musical profession,3,0
Q49084,short story,3,0
Q879146,Christian denomination,3,0
Q41362222,type of map,3,
Q327496,hairstyle,3,0
Q277759,book series,3,0
Q14350,radio station,3,0
Q11410,game,3,
Q56842894,cross-platform software,3,
Q28920117,structured programming language,3,
Q2136722,reference implementation,3,
Q484652,international organization,3,
Q15545584,collaborative work,3,
Q1328899,standards organization,3,
Q2005,JavaScript,3,
Q43627,Macintosh operating systems,3,
Q21980538,commercial organization,3,
Q60551191,graph query language,3,
Q25401607,cryptocurrency exchange,3,
Q613918,software quality assurance,3,
Q21199,natural number,3,0
Q2313686,automorphic number,3,0
Q47577,Fibonacci number,3,0
Q22675015,type of quantum particle,3,
Q56273712,source-available software,3,
Q52990223,open science tool,3,
Q28922893,reflective programming language,3,
Q28057052,clustering software,3,
Q83365345,vulnerable language,3,
Q3814081,app store,3,
Q29032804,configuration manager,3,
Q691358,domain-specific language,3,
Q208469,SI derived unit,3,
Q167772,digital container format,3,
Q2145117,repository,3,
Q30503704,graph algorithm,3,
Q868410,graphics software,3,
Q19541,search engine,3,
Q4182287,web search engine,3,
Q21743174,mobile software,3,
Q336,science,3,
Q210337,media player software,3,
Q14208553,invention,3,
Q83365404,critically endangered language,3,
Q54277,word processor,3,
Q1074158,educational software,3,
Q15614005,typesetting software‎,3,
Q498267,news aggregator,3,
Q3503189,FTP client,3,
Q845620,mobile browser,3,
Q15057020,engine family,3,
Q55270652,Firefox tools command,3,
Q45713,titan,3,
Q229390,3D film,3,
Q4825885,authentication protocol,3,
Q12089225,mineral species,3,
Q559856,online video platform,3,
Q82794,geographic region,3,
Q98400269,system-level package manager,3,
Q385853,de facto standard,3,
Q2207288,craft,3,
Q30059018,operating system component,3,
Q7075,library,3,
Q212805,digital library,3,
Q14946528,conflation,3,
Q269415,digital distribution,3,
Q6686945,wiki software,3,
Q130901,binary relation,3,
Q15590336,music streaming service,3,
Q20747295,protein-coding gene,3,
Q4287745,medical organization,3,
Q929833,rare disease,3,
Q483130,geographic information system,3,
Q39690758,Apache module,3,
Q14406742,comic book series,3,0
Q565428,download manager,3,
Q13212489,county of California,3,0
Q1190017,windowing system,3,
Q758895,audio player software,3,
Q3268848,non-SI unit mentioned in the SI,3,
Q8513,database,3,
Q30612,clinical trial,3,
Q1378975,convention center,3,
Q830382,best practice,3,
Q41253,movie theater,3,
Q526877,web series,3,
Q1070421,script,3,
Q3496485,shading language,3,
Q28922887,metaprogramming language,3,
Q15831596,class of fictional entities,3,
Q60229368,Developer Portal,3,
Q1153767,platform as a service,3,
Q24634210,podcast,3,0
Q3963243,social news website,3,0
Q192287,subdivisions of Russia,3,0
Q751989,astronomical phenomenon,3,
Q3658341,literary character,3,
Q21122879,GTK+ software binding,3,
Q1995545,software package,3,
Q5283178,distributed social network,3,
Q87576284,manga character,3,
Q1569167,video game character,3,
Q32880,architectural style,3,
Q11432,gas,3,
Q220505,film festival,3,
Q811979,architectural structure,3,
Q2267705,field of study,3,
Q494721,city of Japan,3,0
Q951964,food product,3,
Q7063032,notification service,3,
Q1143070,software suite,3,
Q20983788,free operating system,3,
Q25379,play,3,
Q1343205,file hosting service,3,
Q9332,behavior,3,
Q11189,proxy server,3,
Q1077480,hypervisor,3,
Q55171465,Asterisk application,3,
Q55564,lossy compression,3,
Q5583816,Google Chrome extension,3,
Q187588,social class,3,0
Q7705752,test automation framework,3,
Q17524420,aspect of history,3,0
Q16985745,transportation network company,3,
Q7170392,persistence framework,3,
Q24017414,second-order class,3,
Q202686,Commonwealth realm,3,0
Q108586636,form of event,3,0
Q54875403,research grant,3,0
Q67015883,group or class of enzymes,3,
Q756230,directory service,3,
Q25457532,positional numeral system,3,
Q2088357,musical ensemble,3,
Q25403900,food ingredient,3,0
Q26430975,Microsoft Windows component,3,
Q35456,essential medicine,3,0
Q11315,shopping center,3,0
Q1751513,game mechanics,3,
Q146083,Ancient Egyptian deity,3,0
Q61974339,esports team,3,
Q95074,fictional character,3,
Q9212979,musical duo,3,
Q2927074,Internet meme,3,
Q175263,data structure,3,
Q11303,skyscraper,3,0
Q17444909,astronomical object type,3,
Q351764,e-commerce payment system,3,
Q11422536,international sport governing body,3,0
Q1301371,computer network,3,
Q59859818,data controller,3,
Q20829075,type of language,3,
Q107357104,type of dance,3,
Q228502,access control,3,
Q726761,HTML editor,3,
Q523,star,3,0
Q16334295,group of humans,3,0
Q11177771,artistic technique,3,
Q2389789,steel roller coaster,2,
Q18487018,missile family,2,
Q1268980,dynamic programming language,2,
Q211496,high-level programming language,2,
Q1254933,astronomical observatory,2,0
Q28919943,concurrent programming language,2,
Q148837,polis,2,
Q5253501,delayed open access journal,2,0
Q485258,federative unit of Brazil,2,0
Q324254,ontology,2,
Q8261,novel,2,0
Q429795,mineral variety,2,0
Q9662,kernel,2,
Q20679540,cinema chain,2,
Q2178147,trade association,2,
Q13587321,unit of angle,2,0
Q61610698,SI unit,2,
Q96253971,type of property,2,
Q3558970,village of Poland,2,0
Q20310948,microframework,2,
Q17144865,C Python binding,2,
Q83155724,UCUM constant,2,0
Q17537576,creative work,2,
Q179551,HTML element,2,
Q39367,dog breed,2,0
Q133311,tribe,2,0
Q829080,professional association,2,0
Q7315155,research center,2,0
Q1789010,Communist Party of Belgium (PCB-CPB),2,0
Q918333,preprocessor,2,
Q13366129,odd number,2,0
Q245102,triangular number,2,0
Q190900,centered square number,2,
Q14390192,centered tetrahedral number,2,
Q674928,pentagonal number,2,0
Q1403502,pentatope number,2,0
Q18949,square pyramidal number,2,0
Q2198779,unit,2,
Q28920052,non-negative integer,2,0
Q69197847,coherent SI unit,2,
Q18812508,space station module,2,0
Q7247856,productivity software,2,
Q5892272,web hosting service,2,
Q21169670,machine learning framework,2,
Q2539,machine learning,2,
Q23002039,public educational institution of the United States,2,0
Q206361,concern,2,
Q121182,information system,2,
Q65966993,hypertext system,2,
Q2164323,documentation generator,2,
Q142714,card game,2,
Q756202,reserve currency,2,
Q128234,case,2,
Q19610271,literary term,2,
Q944780,single-board computer,2,
Q25110971,distributed ledger,2,
Q1368899,command-line interpreter,2,
Q1643932,tabletop role-playing game,2,
Q25346349,execution model,2,
Q263478,note,2,
Q1760309,pitch class,2,
Q6647660,literary element,2,
Q65947879,icon set,2,
Q28920201,purely functional programming language,2,
Q17442446,Wikimedia internal item,2,0
Q11688446,Roman deity,2,0
Q1209283,electronic media,2,
Q22074483,fictional android,2,
Q66481339,fictional artificial intelligence,2,
Q50424085,copyright status,2,
Q7935198,virtualization engine,2,
Q1301203,legal proceeding,2,0
Q205985,goddess,2,
Q17028492,hypothetical technology,2,
Q21595855,pathfinding algorithm,2,
Q650241,financial institution,2,
Q2101564,specification,2,
Q28813620,set,2,
Q988108,club,2,
Q106043376,music release type,2,0
Q23058,canton of Switzerland,2,0
Q46395,British Overseas Territories,2,0
Q3533467,group action,2,
Q101965,experiment,2,
Q30849,blog,2,
Q14514600,group of fictional characters,2,
Q216931,advertising agency,2,
Q862597,musical form,2,
Q2026749,package format,2,
Q725485,rich Internet application,2,
Q5891,philosophy,2,
Q189722,Emacs,2,
Q1347367,aptitude,2,
Q838296,international auxiliary language,2,
Q214609,material,2,
Q464980,exhibition,2,
Q8386,drug,2,
Q81986407,e-book file format,2,
Q35687379,serverless relational database management system,2,
Q34841063,seat of the local council,2,
Q59152282,video streaming service,2,
Q202871,emulator,2,
Q625994,convention,2,
Q133442,city-state,2,
Q14752149,amateur football club,2,0
Q1351368,archive file format,2,
Q28920142,array programming language,2,
Q639681,network architecture,2,
Q846636,software architecture,2,
Q815823,business model,2,
Q1128340,index term,2,
Q23958852,variable-order class,2,
Q528166,client,2,
Q205663,process,2,
Q106589826,Finnish National Land Survey place type,2,0
Q4263830,literary form,2,
Q184199,automation,2,
Q7302866,audio track,2,
Q511056,solar deity,2,
Q21605492,NASA program,2,
Q21190845,fictional duo,2,
Q1123288,HTTP response status code,2,
Q15141321,train service,2,
Q4839801,backup software,2,
Q2367225,university and college sports club,2,0
Q41511,universal language,2,
Q67080166,protocol suite,2,
Q187661,carcinogen,2,
Q5508804,functional constituency of Hong Kong,2,0
Q902814,border town,2,0
Q28564,public library,2,0
Q1254773,class of musical instruments,2,0
Q17080472,weight class,2,
Q33742,natural language,2,
Q493522,municipality of Belgium,2,0
Q107478770,document genre,2,
Q853614,identifier,2,
Q15079663,rapid transit railway line,2,
Q386147,point of sale,2,
Q65128560,Pre-installed iOS apps,2,
Q157031,foundation,2,
Q24579448,podcast directory,2,0
Q16947796,continuous integration software,2,
Q908620,certification mark,2,
Q652965,most valuable player award,2,0
Q82550,buzzword,2,
Q16917,hospital,2,
Q19730508,former municipality,2,0
Q15142894,weapon model,2,0
Q1302471,unit of volume,2,
Q21481766,academic chapter,2,0
Q47154513,structural class of chemical compounds,2,
Q20826013,software version,2,
Q1756006,UCI Continental Team,2,0
Q382927,UCI Professional Continental Team,2,0
Q20639848,club cycling team,2,0
Q6154783,UCI WorldTeam,2,0
Q13039854,C++ header,2,
Q3744877,artificial figure,2,0
Q98163019,OpenStreetMap editor,2,
Q18211401,V-agents,2,
Q570116,tourist attraction,2,0
Q80096233,information list,2,
Q167035,project management software,2,
Q955824,learned society,2,
Q17737,theory,2,
Q18219090,woodcut print,2,
Q2992826,athletic conference,2,0
Q205020,desktop environment,2,
Q483242,laboratory,2,
Q3550864,mixed research unit,2,
Q183197,spreadsheet,2,
Q101244,acronym,2,
Q3149923,social inclusion,2,0
Q254972,globally unique identifier,2,
Q50320283,MS-DOS command,2,
Q13582682,classification,2,
Q2175765,tram stop,2,
Q125191,photograph,2,0
Q33506,museum,2,0
Q4505959,digital map,2,
Q852190,shipwreck,2,0
Q4162444,branch of physics,2,
Q207694,art museum,2,0
Q959462,terminal pager,2,
Q11650,electronics,2,
Q393351,aggregator,2,
Q69396215,Australian Classification  content descriptor,2,0
Q182545,stylistic device,2,
Q5058355,cellular component,2,
Q622425,nightclub,2,
Q722192,system call,2,
Q47279819,type of mathematical function,2,
Q187051,newspaper format,2,
Q105273027,shell tool,2,
Q777120,borough of Pennsylvania,2,0
Q36774,web page,2,
Q17517379,animated short film,2,0
Q592312,disk image file,2,
Q1289426,county of China,2,0
Q1148887,computer form factor,2,
Q362165,school subject,2,
Q1900326,network,2,
Q15893266,former entity,2,
Q28829877,sports terminology,2,0
Q1056408,open format,2,
Q184759,character encoding,2,
Q55542,lossless compression,2,
Q28061975,group of Greek mythical characters,2,0
Q1172474,data hub,2,
Q14827288,Wikimedia project,2,0
Q615699,Internet encyclopedia,2,
Q1293664,open content,2,
Q107307154,virtual place,2,
Q121359,infrastructure,2,
Q171,wiki,2,
Q2499178,cloud database,2,
Q33146843,municipality of Catalonia,2,0
Q264965,subculture,2,0
Q968159,art movement,2,
Q1373429,video editing software,2,
Q1637192,video player,2,
Q26529,space probe,2,
Q1152399,syntax,2,
Q15773347,film character,2,
Q11430,state of matter,2,
Q167336,greenhouse gas,2,
Q570871,email client,2,
Q11396180,library branch,2,
Q10617810,punctuation mark,2,
Q183065,interpreter,2,
Q1153191,online newspaper,2,0
Q5255461,demo effect,2,
Q56695738,OpenStreetMap local chapter,2,0
Q1228895,discothèque,2,0
Q54050,hill,2,
Q208755,paraphyly,2,
Q202866,animated film,2,
Q554950,recommender system,2,
Q179076,exchange,2,
Q14204246,Wikimedia project page,2,0
Q102314626,Wikimedia Commons tool,2,0
Q1123526,chamber of commerce,2,
Q3966,computer hardware,2,
Q82042,part of speech,2,
Q28920193,reactive programming language,2,
Q2039348,municipality of the Netherlands,2,0
Q640506,cabinet,2,
Q23808,interface,2,
Q1092177,message-oriented middleware,2,
Q107551175,game genre,2,
Q1259759,miniseries,2,0
Q217175,architectural order,2,
Q58481926,typeface family,2,
Q4442611,fashion style,2,0
Q1788820,defence ministry,2,0
Q2500378,department of the United Kingdom Government,2,0
Q55341040,video game database,2,
Q1200992,abstraction layer,2,
Q7328910,art collection,2,
Q1408288,manufacturing process,2,
Q618779,award,2,0
Q811909,technological component,2,
Q189118,cell type,2,
Q1400264,artist collective,2,
Q210729,electrical element,2,
Q811704,rolling stock class,2,
Q1172354,Database abstraction layer,2,
Q1281199,password manager,2,
Q781413,mental process,2,
Q4330518,research object,2,
Q25036597,as a service,2,
Q15936437,research university,2,0
Q65240871,data science school,2,0
Q15989253,part,2,
Q23038290,fossil taxon,2,
Q146768,middleware,2,
Q108225947,audio track attribute,2,0
Q11723795,piece,2,
Q82753,computer file,2,
Q15087423,ISO standard,2,
Q1406161,artistic theme,2,0
Q77080538,video game term,2,
Q21577192,BitTorrent client,2,
Q1641122,online service provider,2,
Q22808404,station located on surface,2,
Q73539779,R package,2,
Q78754808,counting unit,2,
Q20107444,bitcoin exchange,2,
Q859563,secular state,2,
Q6055843,internet genre,2,
Q1062780,forum,2,
Q100349043,space instrument,2,
Q41885931,IPA symbol,2,
Q6046311,interface standard,2,
Q355567,noble title,2,
Q45842,web crawler,2,
Q165678,microcontroller,2,
Q17152639,thesaurus,2,
Q22713195,MediaWiki maintenance script,2,0
Q1032372,hackerspace,2,0
Q10429667,car brand,2,
Q1064394,Space Shuttle orbiter,2,0
Q11985689,exhibit,2,
Q884030,administrative territorial entity of Venezuela,2,0
Q475050,federal district,2,0
Q501094,state of Venezuela,2,0
Q104624828,book form,2,0
Q7554269,software calculator,2,
Q48204,voluntary organization,2,
Q20027953,aircraft functional class,2,
Q17489495,Beechcraft 1900D,2,0
Q621636,route of administration,2,
Q88265704,Service mesh,2,
Q938438,statistical inference,2,
Q126818,dimensionless quantity,2,
Q23847174,religious concept,2,0
Q66745531,language subsystem,2,
Q557685,industrial plant,2,
Q20726407,Wikidata tool,2,
Q1315933,game server,2,
Q3855553,metahuman,2,0
Q24529780,point,2,
Q543151,block cipher,2,
Q1209289,Server-side scripting,2,
Q1231896,painting technique,2,0
Q14083,dollar,2,
Q676202,system software,2,
Q1190554,occurrence,2,
Q62694393,URL shortener,2,
Q973887,military satellite,2,0
Q95945728,technology demonstration spacecraft,2,0
Q595523,notion,2,
Q35657,U.S. state,2,0
Q7247324,processing modes,2,
Q82673,conservation status,2,0
Q2203769,file synchronization,2,
Q1310239,component,2,
Q216337,boy band,2,0
Q96247293,type of management,2,
Q877886,compression software,2,
Q337820,graphics library,2,
Q26211545,desa,2,
Q11224256,IP network,2,
Q1366112,drama television series,2,0
Q811906,construction technique,2,0
Q957589,tunneling protocol,2,
Q100510764,Wikibooks book,2,0
Q55818,impact crater,2,
Q18325460,501(c)(6) organization,2,0
Q109607,ruins,2,0
Q15991303,association football league,2,0
Q2668072,collection,2,
Q591919,JavaScript engine,2,
Q192726,virtual machine,2,
Q198614,style guide,2,0
Q11774097,county of Texas,2,0
Q1724915,use,2,0
Q708676,charitable organization,2,0
Q189970,social status,2,0
Q15617994,designation for an administrative territorial entity,2,0
Q245065,intergovernmental organization,2,0
Q7048920,non-functional testing,2,
Q180958,faculty,2,
Q5447188,solution,2,
Q2356542,reagent,2,0
Q12819564,station,2,
Q1093580,Han surname,2,0
Q870780,chatbot,2,
Q7270,republic,2,
Q4209223,Rechtsstaat,2,
Q17334923,location,2,0
Q3100180,rank,2,
Q1371037,institute of technology,2,
Q47913,intelligence agency,2,
Q72941151,developmental toxicant,2,0
Q42998,orchestra,2,
Q732717,law enforcement agency,2,
Q1279564,short story collection,2,0
Q47146,user interface,2,
Q1663795,software extension,2,
Q89104087,GNOME Shell Extensions,2,
Q96240590,video game bundle,2,
Q131299,SI prefix,2,
Q106179098,sailboat class,2,0
Q214339,role,2,
Q279650,disassembler,2,
Q19793988,Cyrillic letter,2,0
Q17634596,website maintenance,2,
Q178790,labor union,2,0
Q581714,animated series,2,0
Q755707,municipality of Norway,2,0
Q2481505,audio codec,2,
Q85851440,Minecraft server,2,
Q123705,neighborhood,2,0
Q16980,ARM architecture,2,
Q936518,aerospace manufacturer,2,0
Q283770,vulnerability scanner,2,
Q815844,method,2,
Q928830,metro station,2,0
Q17317604,professional wrestling event,2,0
Q15265344,broadcaster,2,0
Q21055677,NP-complete game,2,
Q45989477,WebP Extended,2,
Q512187,federal republic,2,0
Q22906953,Minecraft modding,2,
Q815741,geometric shape,2,0
Q16326794,mythological serpent,1,0
Q244696,peso,1,0
Q2655841,municipality of Georgia,1,0
Q15008703,daba,1,
Q545406,toolchain,1,
Q75520,plateau,1,0
Q15239622,disputed territory,1,0
Q282080,network operating system,1,
Q81314568,OBO Foundry ontology,1,0
Q16889133,class,1,0
Q1475825,GNU variant,1,0
Q13539802,place with town rights and privileges,1,0
Q262882,statutory city of Austria,1,0
Q871419,district of Austria,1,0
Q376431,color term,1,
Q4117397,systems programming language,1,
Q550089,astronomical survey,1,
Q1931388,cause of death,1,
Q41825,day of the week,1,
Q1978718,unit of length,1,
Q60442637,rapid transit train service,1,
Q60539479,positive emotion,1,
Q3504085,rural municipality of Poland,1,
Q1622062,college library,1,
Q55463514,tribal area,1,
Q694007,learning management system,1,
Q2085518,format,1,
Q21664088,two-part episode,1,
Q173227,physical constant,1,
Q188248,constant,1,
Q15222637,unit of speed,1,
Q4493384,fundamental limit,1,
Q15088658,measured value,1,
Q941501,language group,1,
Q13460321,certification services provider,1,
Q96882649,Emacs mode,1,
Q57326878,macro processor,1,
Q55344424,blockchain explorer,1,
Q40186999,cryptocurrency wallet,1,
Q23718,cardinal direction,1,
Q85827478,smart contract platform,1,
Q63116,numeral,1,
Q190890,centered triangular number,1,0
Q50705,square number,1,0
Q861555,cube,1,
Q190893,centered cube number,1,0
Q1587812,centered decagonal number,1,0
Q14390508,centered dodecahedral number,1,0
Q940343,centered heptagonal number,1,0
Q190899,centered hexagonal number,1,0
Q14390666,centered icosahedral number,1,0
Q1587799,centered nonagonal number,1,0
Q1589528,centered octagonal number,1,0
Q14390354,centered octahedral number,1,0
Q16858648,centered pentachoric number,1,0
Q190891,centered pentagonal number,1,0
Q13825533,dodecahedral number,1,0
Q663029,decagonal number,1,0
Q1081248,dodecagonal number,1,0
Q967999,heptagonal number,1,0
Q606977,heptagonal pyramidal number,1,0
Q1165838,hexagonal number,1,0
Q1990975,hexagonal pyramidal number,1,0
Q13823786,icosahedral number,1,0
Q2702442,nonagonal number,1,0
Q2634498,octagonal number,1,0
Q2708903,pentagonal pyramidal number,1,0
Q1885380,square triangular number,1,0
Q2524197,star number,1,0
Q3879425,stella octangula number,1,0
Q975166,tetrahedral number,1,
Q1136880,power of two,1,0
Q184611,power of 10,1,0
Q41068772,power of 1000,1,0
Q840676,fourth power,1,0
Q10549775,5th power,1,0
Q37947496,sixth power,1,0
Q37947505,seventh power,1,0
Q10338607,Mersenne number,1,0
Q1199125,repunit,1,0
Q68019776,multiplicative identity,1,0
Q1618549,dimensionless unit,1,0
Q84752530,eighth power,1,0
Q91025251,ninth power function,1,0
Q496539,state of South Sudan,1,0
Q12136,disease,1,
Q24238543,personal development paradigm,1,
Q23702035,former liberal party,1,
Q12139612,list,1,
Q28872924,designation for an administrative territorial entity of a single country,1,0
Q850270,concept car,1,0
Q153562,opera house,1,0
Q2622299,software engine,1,
Q613366,users' group,1,0
Q4035705,C POSIX library,1,
Q62078547,public research university,1,0
Q1141470,double act,1,0
Q16338,personal computer,1,
Q167037,corporation,1,0
Q80592893,modal text editor,1,
Q23622,dictionary,1,0
Q1186723,distributed revision control system,1,
Q15053464,fictional material,1,0
Q5319037,Dynamic window manager,1,
Q1792372,character,1,0
Q48893562,fork,1,
Q28922858,class-based programming language,1,
Q178285,freeware,1,
Q161410,peer-to-peer,1,
Q5264354,design language,1,
Q245016,military base,1,0
Q1055307,fictional technology,1,0
Q1071233,terminal emulator,1,
Q1052390,most recent common ancestor,1,0
Q41863069,war deity,1,0
Q23058136,cancer cell line,1,
Q107102664,cell line from embryonic stem cells,1,
Q13027888,baseball team,1,0
Q467252,Concurrent Versions System,1,
Q19832486,locomotive class,1,0
Q939616,secret service,1,0
Q82799,name,1,0
Q20671381,album series,1,0
Q2106220,postal museum,1,0
Q17431399,national museum,1,0
Q56557504,city of Iran,1,0
Q233861,musical notation,1,0
Q1321906,open problem,1,
Q65757353,transformation,1,
Q755673,search algorithm,1,
Q13410400,county of Alabama,1,0
Q70507976,front end,1,
Q1071015,social enterprise,1,
Q4822779,Distributed database management system,1,
Q28920795,function-level language,1,
Q7892363,United States cable news,1,0
Q561068,specialty channel,1,0
Q27631499,Commission et instance ministérielle consultative ou délibérative,1,0
Q55612991,greenfield airport,1,0
Q105599400,vector graphics file format,1,
Q502074,heliport,1,0
Q3404720,tincture,1,0
Q18011172,film project,1,0
Q24905,verb,1,0
Q16332653,meteorological phenomenon,1,0
Q354869,image sharing,1,
Q20857065,United States federal agency,1,0
Q15911314,association,1,0
Q854845,Earth observation satellite,1,0
Q828721,job function,1,0
Q1043076,XML schema,1,
Q92438,microblogging,1,
Q131569,treaty,1,0
Q25595203,Internet forum software,1,
Q7777573,theatrical genre,1,0
Q178476,monetary policy,1,0
Q2001385,open-source Unicode typeface,1,
Q1500352,local municipality,1,0
Q1792644,art style,1,0
Q2315359,historical language,1,0
Q65048168,persona in a work of fiction,1,0
Q16937237,Domain Application Protocol,1,
Q28923954,languoid class,1,
Q19595415,TeX macro package,1,
Q29364197,desktop publishing software,1,
Q169336,mixture,1,
Q1665984,interdisciplinary science,1,
Q2995263,Motorcycle components,1,
Q1188200,dashboard,1,
Q14944328,example,1,0
Q41806741,Glagolitic letter,1,0
Q1056378,humoresque,1,0
Q1006079,federal act,1,0
Q19793459,Greek letter,1,0
Q51399,LGBT symbols,1,0
Q64348974,LGBT event,1,0
Q72610003,Wikimedia type of file source,1,0
Q29380,sponsored top-level domain,1,
Q19716577,synthesizer model,1,
Q320002,sampler,1,
Q34379,musical instrument,1,0
Q1727373,lint,1,
Q14897293,fictional entity,1,0
Q201456,directory,1,
Q47607,Structured Query Language,1,
Q64062850,culture collection,1,
Q1639024,mathematical software,1,
Q924286,transport network,1,
Q27983251,Wikimedia Technology,1,
Q1972,moon of Saturn,1,
Q2983893,quarter,1,
Q17376095,cadastral municipality of Austria,1,
Q2000344,tactic,1,
Q55637909,word processor program,1,
Q29558845,SSH client,1,
Q21295041,terminal client,1,
Q28520605,procedure,1,
Q10387689,unit of power,1,
Q106839917,non-SI unit,1,0
Q64513524,economics term,1,
Q84475169,game theory term,1,
Q106778540,Digital museum project,1,
Q214183,secret police,1,
Q12894677,means,1,
Q14928,oil tanker,1,
Q970092,crane vessel,1,
Q1131532,pipe-laying ship,1,
Q643669,generator,1,
Q2721136,image hosting service,1,
Q779415,special administrative region of China,1,0
Q17176533,software component,1,
Q5909460,hosting environment,1,
Q1129474,cultural landscape,1,
Q28171280,ancient civilization,1,
Q128207,terrestrial planet,1,
Q3504248,inner planet,1,
Q1155404,vector graphics editor,1,
Q213441,shop,1,
Q484847,e-commerce,1,
Q631147,infraspecific name,1,
Q1052804,exterior ornament of the shield,1,0
Q13226541,manned spaceflight programme,1,
Q4389307,missile system,1,
Q1127434,expressway in Poland,1,0
Q1057968,finite group,1,
Q592651,non-abelian group,1,
Q558339,dihedral group,1,
Q849512,symmetric group,1,
Q6017969,scenic viewpoint,1,
Q17305127,fictional profession,1,
Q4508,navy,1,
Q7835189,transit district,1,
Q5849703,streptococcal infection,1,
Q74086777,numerical software,1,
Q132629,electrical network,1,
Q46765731,automotive part,1,
Q15944511,association football team,1,0
Q1345429,formula editor,1,
Q465434,Celtic deity,1,0
Q21009058,Class IIIA combustible liquid,1,0
Q21074597,occupational carcinogen,1,
Q75032612,inorganic phosphate salt,1,
Q426664,calcium phosphate,1,
Q875157,resort,1,0
Q18706315,hypothetical entity,1,
Q4373292,physical property,1,
Q4150822,group of domestic(ated) pigeons,1,0
Q21869758,delegated commune,1,0
Q65951343,multi-device file system,1,
Q1572403,hexagram,1,
Q170434,DOS,1,
Q2943040,mixed martial arts weight class,1,0
Q22936940,competition class,1,
Q15273785,Belgian municipality with the title of city,1,0
Q4946461,spa town,1,0
Q108460239,truck manufacturer,1,0
Q37002670,unicameral legislature,1,0
Q1199356,standard library,1,
Q180160,metadata,1,
Q8425,society,1,0
Q520381,cross-city route,1,
Q107343049,automated rapid transit railway line,1,0
Q579036,sounding rocket,1,0
Q4202,neutron star,1,
Q2154519,astrophysical X-ray source,1,
Q4204511,historic church,1,0
Q17366755,hamlet,1,0
Q2373485,peer-to-peer file sharing,1,
Q96473852,hypermedia distribution protocol,1,
Q72588,content delivery network,1,
Q4343954,web development tools,1,
Q88465956,container,1,
Q19351429,a cappella group,1,0
Q1210950,channel,1,
Q373899,record chart,1,0
Q373045,formal grammar,1,
Q77468620,psychology terminology,1,
Q11660,artificial intelligence,1,
Q930933,relation,1,
Q15751203,Eisbein,1,0
Q273353,near field communication,1,
Q7705274,tertiary referral hospital,1,
Q620167,front and back ends,1,
Q899409,gens,1,
Q6458277,LGBTI+ rights organization,1,0
Q889659,mineral resource,1,
Q811930,construction business,1,
Q1634158,Rigging,1,
Q23397,lake,1,0
Q19509097,cigarette brand,1,
Q83620,thoroughfare,1,
Q609588,component-based software engineering,1,
Q18195767,société anonyme,1,
Q3769299,human behavior,1,
Q184356,radio telescope,1,
Q29613500,spherical reflector,1,
Q41172303,core concept,1,
Q180634,distributed computing,1,
Q3062294,Latin phrase,1,
Q17320256,physical process,1,
Q413,physics,1,
Q55788864,developmental defect during embryogenesis,1,
Q12599,ice sheet,1,
Q85483234,rural district of Mecklenburg-Vorpommern,1,
Q106517174,Option municipality,1,
Q17377208,train operating company,1,
Q65054805,OSI model layer,1,
Q56220509,annual conference,1,
Q2020153,academic conference,1,
Q748019,scientific society,1,
Q4357531,virtual airline,1,
Q726870,brick and mortar,1,
Q3133368,repository,1,
Q196776,certificate authority,1,
Q5156698,internal combustion engine component,1,
Q16920758,food preparation,1,
Q22815098,Magic: The Gathering set,1,0
Q623109,sports league,1,
Q5636097,HTML attribute,1,
Q55270656,Firefox miscellaneous command,1,
Q3457057,computing terminology,1,
Q28328984,village in Armenia,1,0
Q46831,mountain range,1,0
Q4193029,zodiacal constellation,1,0
Q15008073,Firefox add-on,1,
Q21518270,state or insular area capital in the United States,1,0
Q1637706,million city,1,0
Q108382343,computer security technique,1,
Q2002016,fastener,1,
Q105395504,purely functional package manager,1,
Q188961,decentralization,1,
Q56557118,use status,1,
Q108910022,extension,1,
Q107362984,package repository,1,
Q104649845,film organization,1,
Q7432,species,1,
Q27555384,transformed cell line,1,0
Q965769,continuous integration,1,
Q1724017,canton of Ecuador,1,
Q956165,psalter,1,
Q48498,illuminated manuscript,1,
Q918270,initialism,1,
Q21070568,human who may be fictional,1,0
Q1107679,animation studio,1,
Q54989186,mental state,1,0
Q281039,abandonware,1,
Q2442401,record company,1,0
Q1660312,major label,1,0
Q17232649,news website,1,0
Q50316487,CMD.EXE command,1,
Q188509,suburb,1,
Q45242174,gazetted locality of Victoria,1,0
Q86442081,administration municipale en France,1,0
Q1507104,mathematical game,1,
Q7702738,terminal multiplexer,1,
Q671735,media library,1,
Q2590631,municipality of Hungary,1,0
Q182656,chipset,1,
Q71266741,smartphone model series,1,
Q19723444,cell phone model,1,
Q11035,telephone,1,
Q640364,municipiu of Romania,1,0
Q577697,virtual globe,1,
Q138754,computer icon,1,
Q106390902,map pin,1,
Q1413406,technical documentation,1,
Q674926,vlog,1,
Q355134,graphics engine,1,
Q172754,World's Fair,1,0
Q137823,monitor,1,
Q18545121,district of Busan,1,0
Q18545295,district of Incheon,1,0
Q3356057,non-governmental organization for development,1,0
Q2655298,demoparty,1,0
Q63344712,geometric property,1,
Q11780435,monthly magazine,1,0
Q713623,clade,1,
Q55215251,medical test type,1,
Q1684600,print news magazine,1,
Q847906,online magazine,1,0
Q66754793,computer software term,1,
Q956318,designated place of Canada,1,
Q21996535,MediaWiki skin,1,0
Q46441,Cascading Style Sheets,1,
Q24533670,mythical humanoid race,1,
Q15081030,motorcycle manufacturer,1,0
Q4390702,character race in Dungeons & Dragons,1,
Q17560936,Immortal,1,
Q634099,rural settlement of Russia,1,
Q104201951,browser developer tools,1,
Q104018785,medical attribute type,1,
Q1172480,data model,1,
Q1062856,anniversary,1,
Q96239200,gamma mutate,1,
Q81163,polymer,1,
Q629206,computer language,1,
Q20011319,plant structure,1,
Q1780422,navigational instrument,1,
Q6617100,district of Yemen,1,
Q15217609,titular see,1,
Q4913907,binary protocol,1,
Q328468,Nazi concentration camp,1,
Q2772772,military museum,1,
Q152081,concentration camp,1,
Q196294,free license,1,
Q15706459,research article,1,
Q161,fiber,1,
Q45296117,aircraft type,1,
Q19927291,Messaging application,1,
Q7373622,Royal Air Force station,1,
Q27869508,Latin-script digraph,1,
Q3055308,auto maintenance,1,
Q18089587,stop-motion animated film,1,
Q1132623,online help,1,
Q352425,literary adaptation,1,
Q23019040,geographic township of Quebec,1,
Q466704,surface-to-air missile,1,
Q749622,Antarctic research station,1,
Q7493941,shelter,1,
Q672593,wheel arrangement,1,
Q23034867,bus chassis model,1,
Q2555896,municipality of Colombia,1,0
Q184757,character set,1,
Q188725,ligature,1,
Q2636061,mobile phone form factor,1,
Q412438,image compression,1,
Q521458,railway infrastructure manager,1,
Q17279032,elective office,1,
Q303618,diplomatic rank,1,
Q20538317,village in Saskatchewan,1,0
Q294414,public office,1,
Q21608615,economic simulation board game,1,
Q24249534,specialised classification scheme,1,
Q81009,rhetoric,1,
Q96264607,type of security,1,
Q386275,web development,1,
Q2988038,mobile application development,1,
Q3390477,online marketplace,1,
Q189418,brigantine,1,
Q848944,merchant vessel,1,
Q63046488,mythical ethnic group,1,
Q13224353,monitoring application,1,
Q26921397,password cracking software,1,
Q837816,wordmark,1,
Q2074737,municipality of Spain,1,0
Q28643,paradigm,1,
Q13217186,county of Arizona,1,0
Q103817,indigenous people,1,0
Q860760,image organizer,1,
Q537993,database engine,1,
Q191360,foundation,1,
Q50965914,Windows 10 edition,1,
Q282472,anti-tank missile,1,
Q7833919,transcription software,1,
Q4588528,holy place,1,0
Q217123,oracle,1,
Q192532,digital rights management,1,
Q145205,resin,1,
Q746549,dish,1,
Q595452,baseball venue,1,
Q76438,anti-pattern,1,
Q223557,physical object,1,
Q2008050,municipality of Albania,1,0
Q28017630,Municipal unit of Albania,1,0
Q83365366,severely endangered language,1,
Q26208318,horse riding technique,1,
Q856234,academic library,1,0
Q35112127,historic building,1,0
Q28923023,block-structured programming language,1,
Q657069,historical reenactment,1,0
Q1464880,installer,1,
Q39825,census,1,
Q24896079,Facial expression databases,1,
Q865760,type system,1,
Q7702742,terminal punctuation,1,
Q1897589,software synthesizer,1,
Q2990323,file comparison software,1,
Q177646,subset,1,
Q2526135,security,1,
Q6451276,Congressional Research Service report,1,0
Q48995961,headless content management system,1,
Q107487333,type of musical work/composition,1,
Q1641413,job scheduler,1,
Q5332280,ecclesiastical university,1,0
Q2120466,pontifical university,1,0
Q287198,online chat,1,
Q146813,client-server,1,
Q20151226,international rally championship series,1,0
Q747883,physical activity,1,
Q37933789,natural resin,1,
Q2112179,programming contest,1,
Q102336293,live streaming service,1,
Q1761572,barrio,1,
Q5535082,geographical database,1,
Q6576792,online community,1,
Q15924535,Wikimedia chapter,1,0
Q281782,default,1,
Q5154974,community interest company,1,
Q17682891,fictional prison,1,0
Q207137,curriculum,1,
Q11696608,aspect of music,1,0
Q2866472,defence mechanism,1,0
Q2612572,grade,1,
Q504353,greedy algorithm,1,
Q215206,NP-complete,1,
Q642946,gamebook,1,
Q2093,Document Object Model,1,
Q89290172,"""notorious market"" website",1,0
Q1349648,municipality of Greece,1,0
Q264238,newsletter,1,
Q475000,stock market,1,
Q28922882,modular programming language,1,
Q132874,Lisp,1,
Q40525757,transport,1,
Q90297162,ammunition manufacture,1,
Q15707583,fictional taxon,1,
Q576639,essentially contested concept,1,
Q4052124,user interface markup language,1,
Q2467461,academic department,1,0
Q20820271,graduate school,1,0
Q1321960,law school,1,0
Q339678,distributed data store,1,
Q613299,statement,1,
Q661075,metaprogramming,1,
Q104640199,original anime,1,
Q7302818,Record-oriented filesystem,1,
Q308905,presidency of the Council of the European Union,1,
Q613930,thematic relation,1,
Q1571801,intramolecular force,1,
Q1007870,art gallery,1,
Q17074350,payment processor,1,
Q1254874,television network,1,
Q106643740,federal aeroport,1,
Q1192309,Reverse proxy,1,
Q751740,memory leak,1,
Q813912,condition,1,
Q18663566,dissolved municipality of Japan,1,
Q1758383,gyrus,1,
Q19798645,Wikibase datatype,1,
Q3307487,diagramming software,1,
Q105016636,British Army Infantry Division,1,
Q20181002,radionavigation-satellite service,1,
Q179435,satellite navigation system,1,
Q2165162,GNSS augmentation,1,
Q3778417,Green party,1,
Q79529,chemical substance,1,
Q44791900,chloride,1,
Q12370,salt,1,
Q18511800,separation,1,
Q483453,fountain,1,
Q73899440,Little Minion,1,
Q15409298,ministry of Japan,1,0
Q3125207,peer-to-peer caching,1,
Q792929,department of Benin,1,
Q219577,holding company,1,
Q778575,conglomerate,1,
Q1273786,switchgear,1,
Q1643989,legal tender,1,
Q10497835,Formula One team,1,
Q47443726,recurring tennis tournament,1,0
Q2221906,geographic location,1,0
Q23925393,Douar,1,
Q6661985,data processing,1,
Q38936,dog sport,1,
Q30126005,hypothetical scientific object,1,
Q100234184,health and social care regulator,1,
Q134447,nuclear power station,1,
Q2725376,demographics,1,
Q831454,culture of Japan,1,0
Q4364339,plaque,1,
Q1868335,power move,1,
Q1493533,parish village,1,0
Q20888925,"camera parts, features and technologies",1,
Q1307329,extraterrestrials in fiction,1,0
Q1936987,mini-language,1,
Q20198160,lossy audio coding format,1,
Q830840,audio compression,1,
Q682626,audio file format,1,
Q2720536,proprietary format,1,
Q108317211,novel genre,1,
Q57863088,sequence container,1,
Q1411845,template,1,
Q33082993,class of fictional robots,1,
Q166118,archive,1,
Q1408286,production process,1,
Q862838,synthetic biology,1,
Q206615,building material,1,
Q820655,legislation,1,
Q56019,military rank,1,
Q107655869,group of awards,1,
Q7058673,video game series,1,
Q66747521,geography term,1,
Q3957,town,1,
Q195339,research station,1,
Q190107,weather station,1,
Q15081032,historical motorcycle manufacturer,1,
Q4260475,medical facility,1,
Q187931,phrase,1,
Q22999537,vehicle family,1,
Q28149961,type of fruit,1,
Q18123741,infectious disease,1,
Q31499762,W3C Working Draft,1,
Q480242,statistical service,1,
Q2996416,file converter,1,
Q50386289,data science institute,1,
Q58748,object–relational mapping,1,
Q5227234,data access layer,1,
Q52193405,medical term,1,
Q392399,Tactical ballistic missile,1,
Q80071,symbol,1,
Q144,dog,1,0
Q184932,grammatical mood,1,
Q154015,international vehicle registration code,1,
Q308229,currency sign,1,
Q22704077,biblical episode,1,
Q599151,official,1,
Q1074076,Chinese constellations,1,0
Q66786238,mathematical term,1,
Q1372231,light aircraft,1,
Q1087786,norm,1,
Q1377447,European norm,1,
Q39050366,construction standard,1,
Q707813,Hanseatic city,1,
Q17302772,rural district of Saxony-Anhalt,1,
Q7248507,programming language specification,1,
Q2635894,radio drama,1,0
Q1413287,social skill,1,0
Q202833,social media,1,
Q560361,draft document,1,
Q4454405,Japanese theme park,1,0
Q1559347,class library,1,
Q15839299,theatrical occupation,1,
Q210223,sloop,1,
Q2133344,space mission,1,
Q73756872,Star Trek species,1,
Q48975698,Cluster of Excellence,1,
Q30061600,undead in a work of fiction,1,
Q83267,crime,1,
Q193395,recording medium,1,
Q641226,arena,1,
Q62186256,research section,1,
Q192161,formal language,1,
Q1144991,military reserve force,1,
Q978659,vehicle inspection,1,
Q1120538,snippet,1,
Q1396457,Farbsystem,1,
Q41014950,ChEBI Ontology term,1,
Q2360980,unit of amount,1,
Q30149195,biblical concept,1,
Q20667393,Warhammer race,1,
Q16686448,artificial entity,1,
Q190915,low-cost airline,1,
Q607958,charter airline,1,
Q217107,travel agency,1,0
Q2276925,municipality of Galicia,1,0
Q735,art,1,
Q184748,codec,1,
Q727990,megathrust earthquake,1,
Q8070,tsunami,1,
Q7446977,seismicity of the Sanriku coast,1,0
Q11639848,multi-segment earthquake,1,
Q36906466,universe,1,
Q3511068,digital currency exchanger,1,
Q842112,socialist state,1,0
Q1520223,constitutional republic,1,0
Q465613,people's republic,1,0
Q118365,dictatorship of the proletariat,1,0
Q2301091,socialism with Chinese characteristics,1,0
Q15634554,state with limited recognition,1,0
Q59348943,piperidine,1,
Q174782,square,1,
Q684740,real property,1,
Q14752696,ancient Roman structure,1,0
Q13136,reference work,1,
Q9067653,domain name registry,1,
Q162940,diacritic,1,
Q3333721,métier de bouche,1,
Q778000,Ausbildungsberuf,1,
Q610140,esoteric programming language,1,
Q4441564,stack-oriented programming language,1,
Q245032,intermediate product,1,
Q949532,logging file,1,
Q322229,tracing,1,
Q627517,history journal,1,
Q2537,natural satellite,1,
Q184246,moon of Pluto,1,0
Q181322,insecticide,1,
Q4214615,carbocyclic compound,1,
Q55454947,subcommittee of a technical committee,1,
Q16972647,Google Chrome App,1,
Q1220872,service,1,
Q327394,rocket-propelled grenade,1,
Q1414548,concurrency,1,
Q1509934,children's game,1,
Q1150958,play,1,
Q1880737,branch office,1,
Q20888659,camera model,1,
Q1172367,database interface,1,
Q1299291,hypothetical chemical element,1,
Q18120378,measurement method,1,
Q39049892,ERC20,1,
Q3320743,title of honor,1,
Q58636917,BSD,1,
Q7715973,Debian,1,
Q375580,color picker,1,
Q1916821,water deity,1,
Q2803758,death deity,1,
Q271669,landform,1,
Q3240715,crater,1,
Q12813115,urban area in Sweden,1,0
Q14839548,minor locality in Sweden,1,0
Q205555,feeling,1,
Q28886448,work with multiple executions,1,
Q636497,stock character,1,
Q43747,Internet slang,1,
Q192776,artificial neural network,1,
Q5202935,civic association,1,
Q55979391,ethical concept,1,
Q32738,microcomputer,1,
Q7832074,trade restriction,1,
Q3512806,Unicode block,1,
Q15026,chair,1,
Q1153376,flying boat,1,
Q4681865,cipher,1,
Q22687,bank,1,
Q378871,fatty alcohol,1,
Q29149990,coded character set,1,
Q3402519,computer magazine,1,
Q68618328,SI unit with special name,1,
Q60474998,digital collection,1,
Q12909644,political ideology,1,0
Q14637321,fictional spacecraft,1,
Q53710030,Starfleet ship,1,
Q7705750,test article,1,
Q1186981,supercarrier,1,
Q62573441,Star Trek series,1,
Q29023906,temporary exhibition,1,0
Q23905071,military unit type-size class,1,
Q3327521,online dictionary,1,
Q39546,tool,1,
Q1,universe,1,
Q17350442,venue,1,
Q1645817,streaming server,1,
Q2512777,simple substance,1,
Q3314483,fruit,1,
Q29957571,wild food,1,
Q51611,trill consonant,1,
Q19773264,voiceless consonant,1,
Q1197283,linguolabial consonant,1,
Q11631013,speech sound,1,
Q130019,carbon star,1,
Q18596079,fictional medical condition,1,
Q52110228,geopolitical group,1,0
Q4120211,regional organization,1,
Q28020127,fictional humanoid,1,
Q1130279,hypocorism,1,
Q105675274,regression,1,
Q17776219,lyrical text translated using paraphrasing,1,
Q107679,cliff,1,
Q185113,cape,1,
Q64588497,accounting term,1,
Q868299,control flow,1,
Q29642842,e-book reader software,1,
Q82004331,e-book distribution platform,1,
Q23866334,motorcycle model,1,
Q1802801,rural municipality of Austria,1,
Q219087,military strategy,1,
Q314024,federal agency of Germany,1,
Q178885,deity,1,
Q742421,theatrical troupe,1,
Q16335296,historical profession,1,
Q128093,e-book,1,
Q20650540,anime film,1,0
Q40686289,song component,1,
Q183484,graphics processing unit,1,
Q610398,system on a chip,1,
Q6887219,mobile processor,1,
Q208042,regression analysis,1,
Q21684377,unit without standard conversion to SI,1,
Q14795564,point in time with respect to recurrent timeframe,1,
Q4976993,civil parish,1,
Q12397176,parish of Galicia,1,0
Q728937,railway line,1,
Q91733160,urban settlement in Belarus,1,0
Q3516862,vocal technique,1,0
Q4931403,board wargame,1,
Q80006,computer programming,1,
Q1183543,device,1,
Q588365,virtual hosting,1,
Q980357,grammatical category,1,
Q84467700,group or class of proteins,1,
Q2990416,source-to-source compiler,1,
Q820477,mine,1,
Q2429814,software system,1,
Q641066,girl group,1,
Q500834,tournament,1,
Q194166,consortium,1,
Q811936,building method,1,
Q2498244,technology demonstration,1,
Q1916557,medical database,1,
Q17456916,government commission,1,
Q328584,municipality of Slovenia,1,0
Q13220204,second-level administrative country subdivision,1,0
Q229371,3D computer graphics software,1,
Q29647057,ray-tracing software,1,
Q23442338,2D animation software,1,
Q10729872,medical association,1,
Q63188808,Catholic religious occupation,1,0
Q486983,academic rank,1,
Q20888711,camera product line,1,
Q204577,schooner,1,
Q207174,personification,1,
Q81647906,poker term,1,
Q14831768,mutate,1,
Q223832,dominion of the British Empire,1,
Q43702,federation,1,
Q956086,bug tracking system,1,
Q50386450,operatic character,1,
Q1137109,video game publisher,1,
Q27021481,formerly proprietary software,1,
Q3687628,Twitter bot,1,
Q10876391,Wikipedia language edition,1,
Q55558027,local government area of South Australia,1,
Q13407144,computer system,1,
Q191067,article,1,
Q6498784,mathematical expression,1,
Q15809678,financial product,1,
Q837171,financial services,1,
Q7094135,online wallet,1,
Q833766,port scanner,1,
Q1001388,budget label,1,
Q562061,market municipality,1,
Q2785216,municipality section,1,
Q837330,bytecode,1,
Q2755432,compression algorithm,1,
Q865588,committee,1,
Q55771109,ISO standard edition,1,
Q6313217,time standard,1,
Q9337488,interval scale of measurement,1,
Q41595400,mind game,1,
Q7858742,two-player game,1,
Q4438147,game-based sport,1,
Q1122588,computer chess,1,
Q39999225,Apache Foundation project,1,
Q20706915,key–value database,1,
Q1762059,film production company,1,
Q1145523,collaboration,1,
Q207170,office suite,1,
Q101408242,filestore,1,
Q52834234,company (Italian legal concept),1,
Q15818902,HDMI,1,
Q1567371,digital media player,1,
Q575882,sentence constituent,1,
Q104093226,class that shouldn't be used as class,1,
Q9158,email,1,
Q930752,medical specialty,1,
Q28094186,XMPP client,1,
Q188951,XMPP,1,
Q16748888,advanced emotion,1,
Q212434,Olympic sport,1,
Q7558983,solution stack,1,
Q33120885,Wikimedia special project,1,
Q36509592,wiki with script conversion,1,
Q3565868,rail transport,1,
Q1364,fruit,1,
Q165596,cache,1,
Q65611482,fossil museum,1,
Q941818,handheld game console,1,
Q44782,port,1,
Q721207,marina,1,
Q45762,dead language,1,
Q34049,Semitic,1,
Q436240,ancient language,1,
Q1371819,plan,1,
Q2198855,cultural movement,1,
Q2915955,philosophical movement,1,
Q2608849,imprint,1,
Q26971562,comic format,1,
Q3184121,municipality of Brazil,1,
Q5009242,cable channel,1,
Q931309,medical imaging,1,
Q177719,medical diagnosis,1,
Q192350,ministry,1,
Q56089124,ministry of fisheries,1,
Q1364302,agriculture ministry,1,
Q1438355,forest ministry,1,
Q266328,joining technology,1,
Q1391517,Fachverband,1,
Q19658107,neighborhood of Brazil,1,
Q55089312,edition of commercial catalogue,1,
Q107715,physical quantity,1,
Q15145593,tram line,1,
Q15640053,tram system,1,
Q2500304,district electoral division,1,
Q3910694,civil parishes of Ireland,1,
Q5157582,computer security model,1,
Q96758092,type of regulation and control,1,
Q1166770,depiction,1,
Q211364,principle,1,
Q388791,group decision-making,1,
Q3435924,computational problem,1,
Q44106130,voice dataset,1,
Q28820001,music scene,1,
Q42014143,biomedical measurand type,1,
Q2632949,comparison sort,1,
Q671298,divide-and-conquer algorithm,1,
Q1241487,Las Vegas algorithm,1,
Q66746920,jargon term,1,
Q8795,Internet Protocol,1,
Q2269756,ministry of education,1,
Q7406919,service,1,
Q275969,crowdsourcing,1,
Q193955,hardback,1,
Q7978562,Web application security scanner,1,
Q1156402,reasoning,1,
Q104637420,sourcing circumstance,1,
Q44127,server,1,
Q63975020,musical theatre character,1,
Q31302964,just-in-time compiler,1,
Q1487455,graphical user interface builder,1,
Q795549,rapid application development,1,
Q65036927,signal and power connector,1,
Q73198864,external computer connector,1,
Q4498974,ice hockey team,1,
Q24574745,Commons category,1,
Q748349,mathematical structure,1,
Q68,computer,1,
Q7001229,network utility,1,
Q1371562,unit of area,1,
Q1153289,Web standards,1,
Q105756498,type of musical ensemble/group,1,
Q17928402,blog post,1,
Q47371099,non-positive integer,1,
Q12503,integer,1,
Q13366104,even number,1,0
Q30027695,0 number class,1,0
Q2767837,additive identity,1,
Q107555073,peralatan menjahit,1,
Q839864,party game,1,0
Q760132,warming up,1,0
Q21528930,network or movement of the French Resistance,1,
Q183816,master's degree,1,0
Q559618,fictional universe,1,
Q18602566,book format,1,0
Q107124887,digital media format,1,
Q1276157,travel website,1,
Q917824,Federal Information Processing Standard,1,0
Q8789,cryptography,1,
Q106760956,engineering society,1,0
Q5597177,data visualization software,1,
Q16319025,financial technology,1,
Q20898395,pear cultivar,1,
Q44409287,type of machine element,1,
Q11723296,stereoscope,1,
Q1531349,outline,1,
Q91348108,daemon-managing daemon,1,
Q474157,collaborative software,1,
Q1385229,Metaheuristic,1,
Q3100808,photography genre,1,
Q207326,summit,1,
Q204910,governorate of Egypt,1,
Q28380029,network file system,1,
Q4656150,Wikimedia project policies and guidelines,1,
Q56005592,Wikimedia help page,1,
Q17379835,Wikimedia page outside the main knowledge tree,1,
Q3247516,laboratory technique,1,
Q2406355,Test harness,1,
Q2406561,test environment,1,
Q215754,energy drink,1,
Q16323605,food brand,1,
Q902638,excipient,1,
Q5962346,classification system,1,
Q6821765,message broker,1,
Q190258,need,1,
Q28877,goods,1,
Q3751111,medical software,1,
Q1509084,hospital information system,1,
Q8434,education,1,
Q66310125,nonbiological component,1,
Q188522,software testing,1,
Q588784,lightweight Linux distribution,1,
Q634509,netlabel,1,
Q3539533,triplestore,1,
Q26261192,SPARQL endpoint,1,
Q38126804,regulation of the European Parliament and of the Council,1,
Q189004,college,1,
Q1114515,comics publishing company,1,
Q1048962,Polyiodide,1,
Q2576663,engine configuration,1,
Q2671652,medical test,1,
Q83365347,definitely endangered language,1,
Q742129,planetary core,1,
Q530480,Windows environment variable,1,
Q7160100,pedway,1,
Q1348073,underground city,1,
Q5503,rapid transit,1,
Q1166618,mathematical logic,1,
Q2005652,gang run printing,1,
Q188211,invariant,1,
Q653916,television pilot,1,
Q422062,Aktiengesellschaft,1,
Q63100595,category 3 hurricane,1,
Q63100601,category 4 hurricane,1,
Q1884224,milk tea,1,
Q203415,black tea,1,
Q484416,caste,1,
Q5354754,talent agency,1,
Q17560541,exe extension associated executable fileformat,1,
Q1664720,institute,1,
Q61866692,Wikimedia gadget,1,
Q49008,prime number,1,
Q207264,Fermat number,1,
Q1103699,Fibonacci prime,1,
Q973861,factorial prime,1,
Q18608583,recurring sporting event,1,
Q3297186,limited series,1,
Q14506045,optical phenomenon,1,
Q29896155,difference,1,
Q61220733,Star Trek episode,1,
Q32884,Green Lantern,1,
Q63998451,superhero film character,1,
Q2155148,4-polytope,1,
Q15706911,fictional object,1,
Q2553613,webvideo,1,
Q79803608,disk partitioning scheme,1,
Q28922871,functional reactive programming language,1,
Q12047392,legal form,1,
Q12484004,Churches in Indonesia,1,
Q179164,unitary state,1,
Q735428,town in China,1,
Q19862851,Massive online open course provider,1,
Q30070590,magazine article,1,
Q1516079,cultural heritage ensemble,1,
Q65943,theorem,1,
Q1143367,graphical model,1,
Q20679883,psychological theory,1,
Q20203641,console line,1,
Q1967139,degree of truth,1,
Q27949697,Wikibase reason for deprecation,1,
Q105100182,Jupyter kernel,1,
Q20937557,series,1,
Q27951399,Institute of Science and Technology,1,
Q64222339,art term,1,
Q1589009,privately held company,1,
Q1254335,cryptographic protocol,1,
Q33104303,concept in physics,1,
Q11266439,Wikimedia template,1,
Q13199995,statistical package,1,
Q13578154,rank,1,
Q195284,Universally Unique Identifier,1,
Q15137003,slide show,1,
Q26203767,spatial analysis software,1,
Q21129801,natural language processing toolkit,1,
Q878143,value,1,
Q908207,complexity class,1,
Q7315176,research program,1,
Q148578,space observatory,1,
Q388602,electoral alliance,1,
Q4438121,sports organization,1,0
Q48004378,esport competition,1,
Q87906572,custom map / level,1,
Q22575725,movie magazine,1,0
Q107467117,type of award,1,0
Q486902,mathematical model,1,
Q41757766,Armenian letter,1,0
Q23002054,private not-for-profit educational institution,1,0
Q7210356,political organization,1,0
Q103229495,men's association football team,1,0
Q16103215,boat type,1,0
Q976521,cryptosystem,1,
Q41207,coin,1,
Q6671777,structure,1,
Q23090938,fictional device,1,0
Q18918145,academic journal article,1,0
Q1372376,measuring system,1,
Q2995443,motif,1,
Q61788060,human activity,1,0
Q2305441,social process,1,
Q64801076,education in country or region,1,0
Q1474542,higher-order function,1,
Q3737844,binary function,1,
Q63539947,artistic concept,1,
Q631931,decorative arts,1,
Q3392263,Rules of Chess,1,
Q7575652,speedster,1,
Q2354107,Reverse-Flash,1,
Q2057931,simulator,1,
Q755992,synthetic element,1,
Q17342348,logarithmic unit,1,
Q270791,state-owned enterprise,1,
Q568041,universal bank,1,
Q2115026,presentation program,1,
Q604733,presentation,1,
Q287539,web form,1,
Q69506823,flag design,1,
Q14660,flag,1,
Q192425,postcard,1,
Q13418847,historical event,1,0
Q1389311,integrated device manufacturer,1,
Q50229156,Ð,1,
Q233324,seminary,1,
Q29654788,Unicode character,1,
Q1416657,Finance,1,
Q1890727,PowerPC 7xx,1,
Q911551,spectrograph,1,
Q751997,astronomical instrument,1,
Q953045,metalworking,1,
Q2281940,chemical process,1,
Q185973,plant physiology,1,
Q230937,state function,1,
Q51049922,village,1,
Q57831,fortress,1,
Q24657198,podcatcher,1,
Q240795,tag editor,1,
Q28530564,software version type,1,
Q2616791,urban municipality of Poland,1,0
Q42744322,urban municipality of Germany,1,0
Q13410444,county of Kansas,1,0
Q13414763,county of Pennsylvania,1,0
Q207440,hash table,1,
Q7096315,open addressing,1,
Q25894868,place type,1,
Q11028,information,1,
Q12020884,music movement,1,
Q83155725,UCUM prefix,1,
Q3177859,dedicated deck card game,1,
Q4392311,foreign function interface,1,
Q16024164,medical journal,1,
Q13218391,charter city,1,
Q297868,x86 assembly language,1,
Q33384,dialect,1,
Q189898,emirate,1,
Q11320476,Digital content,1,
Q33002955,knowledge graph,1,
Q638153,semantic wiki,1,
Q1172362,database dump,1,
Q21027609,source of statements in Wikidata,1,0
Q15210668,lower-tier municipality,1,0
Q55774719,township municipality in Ontario,1,0
Q47018901,calendar month,1,
Q270159,8-bit computing,1,
Q5127989,Class III railroad,1,0
Q6934955,mobile development framework,1,
Q580922,preprint,1,
Q878130,stable isotope,1,
Q1485366,Directorate-General,1,0
Q15548076,computer-aided design software,1,
Q14420,Order of the British Empire,1,0
Q1441305,clinical sign,1,
Q1345691,international financial institution,1,
Q21050458,national biographical dictionary,1,
Q61702557,moon of Jupiter,1,
Q33215,constructed language,1,
Q963760,Esperantido,1,
Q1790577,planned language,1,
Q1292119,style,1,
Q15077416,display server,1,
Q26271642,library network,1,
Q2305295,weekly newspaper,1,
Q55427774,male reproductive toxicant,1,
Q82036085,physical media format,1,
Q108037652,audio release format,1,
Q177911,steroid,1,
Q49847565,androstane steroid,1,
Q2143825,hiking trail,1,0
Q21114848,magazine genre,1,
Q39725049,type of publication,1,
Q187971,wadi,1,
Q375928,lower house,1,
Q1752346,assembly,1,
Q1153777,legislative assembly,1,
Q3614994,lexical analyzer generator,1,
Q13100073,village-level division in China,1,0
Q207977,prototype,1,
Q874405,social group,1,
Q25295,language family,1,
Q152559,macrolanguage,1,
Q56436498,village in India,1,
Q6784672,municipality of Slovakia,1,0
Q55850593,music track with vocals,1,0
Q719645,CD single,1,
Q193977,music video,1,
Q25110269,live-action/animated film,1,
Q89375907,technology blog,1,
Q2801262,hacker group,1,
Q51780874,police complaints authority,1,0
Q868893,department of the Republic of the Congo,1,0
Q3356149,organisme interarmées,1,
Q56139,liquor,1,
Q64541352,Detective Conan character,1,0
Q5982983,jurisdiction,1,
Q1756157,area of law,1,
Q14947863,parlour game,1,
Q2144077,charades,1,
Q24649023,online store,1,
Q105416259,group of content creators,1,
Q5098,province of Indonesia,1,
Q5007997,special region of Indonesia,1,0
Q15841920,Redewendung,1,
Q3775042,binary-to-text encoding,1,
Q55171476,Asterisk dialplan function,1,
Q1514741,set,1,
Q2001982,notation,1,
Q17376908,languoid,1,
Q17421658,RAL classic color,1,
Q11225841,JIS慣用色名,1,
Q259864,microarchitecture,1,
Q21078287,serial bus,1,
Q7168699,peripheral bus,1,
Q21191019,Japanese TV series,1,
Q91828006,word list,1,
Q17442550,Wikimedia badge,1,
Q1449648,tabloid,1,
Q5153359,municipality of the Czech Republic,1,
Q26763979,mobile phone standard,1,
Q11033,mass media,1,0
Q7951690,WKIP,1,
Q41883552,combinatorial algorithm,1,
Q5446565,fictional company,1,0
Q22713289,code of MediaWiki software,1,0
Q87167,manuscript,1,
Q2393314,dance troupe,1,0
Q2835765,optimization algorithm,1,
Q2321565,iterative numerical method,1,
Q1343246,English country house,1,0
Q3467906,virtual assistant,1,
Q573573,abstract strategy game,1,
Q18703581,game on cell board,1,
Q1858350,Inhumans,1,0
Q15925542,cultural generation,1,0
Q4894405,journalism genre,1,0
Q178048,bus,1,
Q10872630,中古漢語聲母,1,
Q836305,Thirty-six initials,1,
Q26540,artificial satellite,1,
Q377688,type foundry,1,
Q210112,nuclear weapons test,1,
Q28873665,rating system,1,
Q1738991,index number,1,0
Q1060750,digital audio workstation,1,
Q163829,synthesizer,1,
Q758870,digital audio editor,1,
Q208674,portmanteau,1,
Q955452,Internet suite,1,0
Q386208,mascot character,1,
Q21156425,wrestling event,1,
Q1327300,electronic journal,1,
Q226730,silent film,1,0
Q213907,model organism,1,
Q240625,501(c) organization,1,
Q104098715,territorial entity type,1,0
Q1620908,historical region,1,0
Q161243,dependent territory,1,0
Q205961,skill,1,
Q16849743,business management tools,1,
Q5256141,demogroup,1,0
Q3550873,unit of information,1,
Q177777,logistics,1,
Q209163,video game expansion pack,1,
Q2659904,government organization,1,0
Q38723,higher education institution,1,0
Q19845316,cryptographic attack type,1,
Q581450,fallen angel,1,0
Q16335899,watercraft type,1,
Q55387456,aesthetic concept,1,
Q368290,film distributor,1,
Q10689397,television production company,1,
Q723685,video on demand,1,
Q841645,Internet television,1,
Q1273203,mailbox provider,1,
Q28601953,email system,1,
Q3251008,Linux file system,1,
Q21777259,open-source typeface,1,
Q6138701,RDF query language,1,
Q176452,finite-state machine,1,
Q85753005,Cloud native computing,1,
Q131156,utopia,1,0
Q2210277,chess tournament,1,
Q1126006,public broadcaster,1,
Q2604618,fishing tackle,1,0
Q4430243,social organization,1,0
Q1983062,episode,1,0
Q3152824,cultural institution,1,
Q6942574,musical technique,1,
Q192851,arcade game machine,1,
Q54767,puzzle video game,1,
Q62617958,WebP,1,
Q6979593,national association football team,1,0
Q129264,phantom island,1,
Q1044749,interface description language,1,
Q99734981,coherent system of units,1,
Q5953270,hybrid open access journal,1,
Q6941595,Music Macro Language,1,0
Q15177520,literary topos,1,0
Q10428845,narrative technique,1,0
Q15731356,apple cultivar,1,
Q55662747,pair of enantiomers,1,0
Q15711994,family of isomeric compounds,1,
Q60050485,reporting,1,0
Q2275640,sexual preference,1,0
Q6266,nation,1,0
Q2961812,generalist television channel,1,0
Q1331793,media company,1,
Q705818,unfree labour,1,
Q74047,ghost town,1,
Q17992617,Cisco Certifications,1,
Q97044024,open source license,1,
Q2292993,design method,1,
Q39600690,subsurface rail line,1,
Q145179,circle route,1,
Q105967897,branched subway line,1,0
Q204984,protractor,1,
Q2142568,alpine club,1,
Q2005002,numbering scheme,1,
Q925783,instruction,1,
Q15727816,painting series,1,
Q4389865,infrageneric rank,1,
Q24698,region of the Philippines,1,
Q18011171,unfinished or abandoned film project,1,
Q100434640,class of chemical substances by use,1,
Q9289849,simplification,1,0
Q582577,economic policy,1,0
Q12106333,poetry collection,1,0
Q135005,phishing,1,
Q1076486,sports venue,1,0
Q7246032,privacy software,1,
Q29643579,multi-level marketing company,1,0
Q214242,pyramid scheme,1,0
Q2619517,Linear filter,1,
Q59199015,group of stereoisomers,1,
Q4365210,plane figure,1,
Q25053937,neural machine translation,1,
Q3427422,statistical graphics,1,
Q2357944,palette,1,
Q133250,sequence,1,
Q105858480,colour progression,1,
Q15961983,radio genre,1,0
Q76514543,municipality of Georgia,1,0
Q39594,bay,1,
Q334166,mode of transport,1,
Q12143,time zone,1,
Q28455561,algorithmic paradigm,1,
Q187685,doctoral thesis,1,0
Q5281480,disciplinary repository,1,
Q45787211,preprint server,1,
Q579488,information management,1,
Q14167904,process management,1,
Q1076547,knowledge market,1,
Q168210,Internet forum,1,
Q173341,hardware description language,1,
Q13406554,sports competition,1,0
Q15126161,prototype aircraft model,1,0
Q36975,glyph,1,
Q41689629,procedure,1,0
Q3511280,international class,1,0
Q494756,data,1,
Q1050840,Decepticon,1,0
Q126351,Autobot,1,0
Q65967030,set of comics characters,1,
Q577487,listings magazine,1,
Q11854279,biometric identifer,1,
Q184872,recreation,1,0
Q13605686,nude magazine,1,0
Q996839,fraternal organization,1,0
Q2858704,appellation,1,
Q228346,train protection system,1,
Q179012,project management,1,0
Q18328097,courage award,1,
Q101251494,star,1,0
Q133080,public relations,1,
Q1063076,voluntary sector,1,
Q190007,youth,1,0
Q204832,roller coaster,1,0
Q1542343,independent record label,1,0
Q1154770,DOS emulator,1,
Q17853087,merge,1,
Q4271324,mythical character,1,0
Q1149776,data management,1,
Q1924249,measurand,1,
Q13414759,county of Ohio,1,0
Q22808403,station located underground,1,
Q815382,meta-analysis,1,
Q2393196,personality trait,1,
Q157811,virtue,1,
Q2467894,Mozilla extension,1,
Q1156881,ad blocking,1,