GitHub Topic,Frequency,A,B,C,Sum,Wikidata ID,Corrected WikiID,Auto WikiID
javascript,12759,0,0,0,0,,,Q2005
python,11929,0,0,0,0,,,Q28865
android,8620,0,0,0,0,,,Q94
react,8139,0,0,0,0,,,Q106211728
php,6603,0,0,0,0,,,Q59
nodejs,6426,0,0,0,0,,,Q756100
java,6339,0,0,0,0,,,Q251
golang,5933,0,0,0,0,,,Q37227
ios,5211,0,0,0,0,,,Q48493
deep-learning,5143,1,1,1,3,Q197536,,Q197536
docker,4940,1,0,0,1,,,Q15206305
machine-learning,4929,0,1,1,2,Q2539,,Q2539
swift,4770,0,0,0,0,,,Q17118377
go,4248,0,0,0,0,,,Q37227
typescript,3787,0,0,0,0,,,Q978185
tensorflow,3340,0,0,0,0,,,Q21447895
ruby,3125,0,0,0,0,,,Q161053
hacktoberfest,3063,0,0,0,0,,,-1
linux,3043,0,0,0,0,,,-1
vue,3001,0,0,0,0,,,Q24589705
api,2829,0,0,1,1,,,Q165194
cli,2794,1,1,1,3,Q189053,,Q189053
rust,2634,0,0,0,0,,,Q575650
css,2511,0,0,0,0,,,Q46441
kubernetes,2435,0,0,0,0,,,Q22661306
react-native,2366,0,0,0,0,,,Q55774523
angular,2296,0,0,0,0,,,Q28925578
r,2279,0,0,0,0,,,Q206904
security,2193,1,1,1,3,Q2526135,,Q2526135
kotlin,2176,0,0,0,0,,,Q3816639
library,2147,0,0,0,0,,,Q7075
macos,2143,0,0,0,0,,,Q14116
laravel,2139,0,0,0,0,,,Q13634357
python3,2136,0,0,0,0,,,Q28865
json,2061,0,0,0,0,,,Q2063
redux,2043,0,0,0,0,,,Q28957057
c,1916,0,0,0,0,,,Q15777
html,1902,0,0,0,0,,,Q726761
aws,1835,0,0,0,0,,,Q456157
webpack,1796,0,0,0,0,,,Q22909730
csharp,1784,0,0,0,0,,,Q2370
cpp,1736,0,0,0,0,,,Q2407
database,1735,1,1,1,3,Q8513,,Q8513
windows,1735,0,0,0,0,,,Q1406
pytorch,1717,0,0,0,0,,,Q47509047
reactjs,1688,0,0,0,0,,,Q19399674
graphql,1662,0,0,0,0,,,Q25104949
blockchain,1655,1,1,0,2,Q20514253,,Q20514253
computer-vision,1590,1,1,1,3,Q844240,,Q844240
vuejs,1588,0,0,0,0,,,Q24589705
node,1536,0,0,0,0,,,Q659
ethereum,1532,0,0,0,0,,,Q16783523
testing,1486,1,1,1,3,Q188522,,Q188522
game,1418,1,1,1,3,Q7889,,Q7889
unity,1399,0,0,0,0,,,Q63966
framework,1368,0,0,1,1,,,Q271680
flutter,1349,0,0,0,0,,,Q39072787
nlp,1348,1,1,1,3,Q30642,,Q30642
bot,1346,0,0,1,1,,,Q191865
electron,1305,0,0,0,0,,,Q2225
scala,1284,0,0,0,0,,,Q460584
mysql,1257,0,0,0,0,,,Q850
wordpress,1255,0,0,0,0,,,Q13166
dotnet,1253,0,0,0,0,,,Q5289
keras,1253,0,0,0,0,,,Q28470421
mongodb,1252,0,0,0,0,,,Q1165204
android-library,1242,0,0,0,0,,,Q107386702
ui,1236,1,1,1,3,Q47146,,Q47146
tutorial,1232,0,0,0,0,,,Q65068857
http,1225,0,0,0,0,,,Q8777
c-plus-plus,1222,0,0,0,0,,,Q2407
django,1213,0,0,0,0,,,Q842014
animation,1198,1,1,1,3,Q11425,,Q11425
shell,1196,0,0,0,0,,,Q959549
vim,1174,0,0,0,0,,,Q131382
plugin,1162,0,0,0,0,,,Q184148
neural-network,1155,1,1,1,3,Q192776,,Q192776
web,1142,1,1,1,3,Q466,,Q466
git,1139,0,0,0,0,,,Q186055
rails,1131,0,0,0,0,,,Q190478
elixir,1112,0,0,0,0,,,Q3051161
markdown,1107,0,0,0,0,,,Q1193600
github,1100,0,0,0,0,,,Q364
awesome,1094,0,0,0,0,,,Q310135
boilerplate,1079,0,0,0,0,,,Q1651672
bitcoin,1050,1,1,0,2,Q131723,,Q131723
objective-c,1048,0,0,0,0,,,Q188531
bootstrap,1047,0,0,0,0,,,Q893195
arduino,1044,0,0,0,0,,,Q175957
raspberry-pi,1011,0,0,0,0,,,Q245
postgresql,999,0,0,0,0,,,Q192490
cryptocurrency,991,1,1,1,3,Q13479982,,Q13479982
redis,988,0,0,0,0,,,Q2136322
bash,981,0,0,0,0,,,Q189248
serverless,977,1,1,1,3,Q3958022,Q3958022,Q106211728
data-science,976,1,1,1,3,Q2374463,,Q2374463
chrome-extension,976,0,0,0,0,,,Q5583816
c-sharp,967,0,0,0,0,,,Q2370
monitoring,963,1,1,1,3,Q17012863,,Q17012863
theme,954,0,0,0,0,,,Q200801
unity3d,937,0,0,0,0,,,Q63966
material-design,932,0,0,0,0,,,Q17590603
spring-boot,932,0,0,0,0,,,Q98731994
firebase,931,0,0,0,0,,,Q18150728
ansible,924,0,0,0,0,,,Q2852503
haskell,918,0,0,0,0,,,Q34010
sql,914,0,0,0,0,,,Q47607
terminal,911,0,0,0,0,,,Q176140
rest-api,903,0,0,1,1,,,Q749568
awesome-list,901,0,0,0,0,,,Q735
jquery,885,0,0,0,0,,,Q230036
visualization,882,1,1,1,3,Q451553,,Q451553
lua,880,0,0,0,0,,,Q207316
es6,854,0,0,0,0,,,-1
dart,850,0,0,0,0,,,Q406009
image-processing,825,1,1,1,3,Q1070689,,Q1070689
express,825,0,0,0,0,,,Q1384784
opencv,818,0,0,0,0,,,Q165277
convolutional-neural-networks,814,1,1,1,3,Q17084460,,Q17084460
flask,805,0,0,0,0,,,Q289281
automation,798,1,1,1,3,Q24410992,,Q24410992
parser,792,1,1,1,3,Q194152,,Q194152
clojure,785,0,0,0,0,,,Q51798
js,784,0,0,0,0,,,Q2005
video,784,1,1,1,3,Q98069877,,Q98069877
sass,782,0,0,0,0,,,Q1572865
server,782,1,1,1,3,Q44127,,Q44127
artificial-intelligence,781,1,1,1,3,Q11660,,Q11660
npm,775,0,0,0,0,,,Q7067518
rstats,769,0,0,0,0,,,-1
component,766,0,0,0,0,,,Q11653
template,766,0,0,0,0,,,Q1411845
open-source,765,0,0,0,0,,,Q1130645
cross-platform,765,0,0,0,0,,,Q174666
rest,758,0,0,0,0,,,Q749568
docker-image,757,0,0,0,0,,,Q15206305
natural-language-processing,754,1,1,1,3,Q30642,,Q30642
cocoapods,750,0,0,0,0,,,Q16247893
symfony,749,0,0,0,0,,,Q1322933
nginx,741,0,0,0,0,,,Q306144
authentication,725,1,1,1,3,Q212108,,Q212108
iot,702,1,1,1,3,Q251212,,Q251212
discord,697,0,0,0,0,,,Q22907849
xcode,695,0,0,0,0,,,Q250328
algorithm,685,1,1,1,3,Q8366,,Q8366
terraform,685,0,0,0,0,,,Q28957072
documentation,684,1,1,1,3,Q788790,,Q788790
sdk,683,0,0,0,0,,,Q467707
mobile,680,1,1,1,3,Q2738570,Q2738570,Q17517
command-line,672,1,1,0,2,Q189053,,Q189053
opengl,670,0,0,0,0,,,Q178570
reinforcement-learning,667,1,1,1,3,Q830687,,Q830687
docker-compose,659,0,0,0,0,,,Q66317867
frontend,653,1,1,1,3,Q70507976,,Q70507976
gui,647,1,1,1,3,Q782543,Q782543,Q333904
audio,646,1,1,1,3,Q173114,Q173114,Q3302947
music,645,1,1,1,3,Q638,Q638,-1
devops,645,1,1,1,3,Q3025536,,Q3025536
elasticsearch,643,0,0,0,0,,,Q3050461
compiler,643,1,1,1,3,Q47506,,Q47506
functional-programming,640,1,1,1,3,Q193076,,Q193076
deep-neural-networks,638,1,1,1,3,Q51289900,,Q51289900
chrome,636,0,0,0,0,,,Q777
html5,635,0,0,0,0,,,Q2053
game-development,632,1,1,1,3,Q1061635,,Q1061635
cnn,624,1,1,0,2,Q17084460,Q17084460,Q5058375
svg,621,0,0,0,0,,,Q2078
azure,619,0,0,0,0,,,Q725967
demo,610,0,0,0,0,,,Q1395149
dotnet-core,606,0,0,0,0,,,Q21622213
ai,600,1,1,1,3,Q11660,,Q11660
performance,595,0,0,0,0,,,Q35140
julia,591,0,0,0,0,,,Q2613697
neural-networks,585,1,1,1,3,Q192776,,Q192776
minecraft,582,0,0,0,0,,,Q49740
async,581,0,0,0,0,,,Q95954242
aws-lambda,580,0,0,0,0,,,Q21462856
angularjs,580,0,0,0,0,,,Q2849803
google,577,0,0,0,0,,,Q95
telegram,576,0,0,0,0,,,Q15616276
babel,576,0,0,0,0,,,Q55604651
vuejs2,574,0,0,0,0,,,Q24589705
logging,574,1,1,1,3,Q29649691,,Q29649691
cloud,573,0,0,0,0,,,Q113100
bioinformatics,573,1,1,1,3,Q128570,,Q128570
r-package,569,0,0,0,0,,,Q73539779
data-visualization,563,1,1,1,3,Q6504956,,Q6504956
blog,562,0,0,0,0,,,Q30849
kotlin-android,557,0,0,0,0,,,Q3816639
client,555,1,1,1,3,Q528166,Q528166,Q146813
jekyll,555,0,0,0,0,,,Q17067385
pwa,552,0,0,0,0,,,Q25237
image,551,1,1,1,3,Q478798,,Q478798
proxy,547,0,0,0,0,,,Q11189
powershell,546,0,0,0,0,,,Q840410
xml,546,0,0,0,0,,,Q2115
twitter,545,0,0,0,0,,,Q918
3d,539,1,1,1,3,Q568742,,Q568742
browser,539,1,1,1,3,Q6368,,Q6368
jwt,538,0,0,0,0,,,Q1676726
cms,537,1,1,1,3,Q131093,Q131093,Q13167
android-application,534,0,0,0,0,,,Q52229854
php7,534,0,0,0,0,,,Q59
cryptography,532,1,1,1,3,Q8789,,Q8789
jupyter-notebook,528,0,0,0,0,,,Q70357595
tool,526,0,0,0,0,,,Q39546
middleware,522,1,1,1,3,Q146768,,Q146768
qt,520,0,0,0,0,,,Q201904
ubuntu,519,0,0,0,0,,,Q381
algorithms,515,1,1,1,3,Q8366,,Q8366
editor,511,1,1,1,3,Q131212,,Q131212
generator,511,0,0,0,0,,,Q131502
networking,509,1,1,1,3,Q1068715,Q1068715,Q1301371
graphics,508,1,1,1,3,Q7600677,Q7600677,Q11060274
slack,507,0,0,0,0,,,Q58436
osx,504,0,0,0,0,,,Q14116
network,498,1,1,1,3,Q1068715,Q1068715,-1
websocket,496,1,0,0,1,,,Q859938
graph,493,1,1,0,2,Q141488,Q141488,Q28923
wordpress-plugin,492,0,0,0,0,,,Q68342360
gradle,490,0,0,0,0,,,Q965596
atom,489,0,0,0,0,,,Q16766305
emacs,488,0,0,0,0,,,Q189722
angular2,487,0,0,0,0,,,Q2849803
validation,486,1,0,0,1,,,Q359176
language,485,0,0,0,0,,,Q315
microservices,485,1,1,1,3,Q18344624,,Q18344624
latex,484,0,0,0,0,,,Q5310
webgl,484,0,0,0,0,,,Q375913
microservice,482,1,1,1,3,Q18344624,Q18344624,Q18277858
swagger,480,0,0,0,0,,,Q39069667
game-engine,479,1,1,1,3,Q193564,,Q193564
chatbot,479,1,1,1,3,Q870780,,Q870780
material,477,0,0,0,0,,,Q206615
containers,477,1,1,0,2,Q107630377,Q107630377,Q187956
robotics,473,1,1,1,3,Q170978,,Q170978
xamarin,473,0,0,0,0,,,Q3073996
dashboard,469,1,1,1,3,Q4343952,,Q4343952
vscode,468,0,0,0,0,,,Q19841877
example,467,0,0,0,0,,,Q12335479
composer,465,0,0,1,1,,-1,Q5156722
api-client,465,0,0,0,0,,,Q107385566
app,465,0,0,1,1,,,Q166142
chat,461,0,0,0,0,,,Q58199
metrics,456,0,0,0,0,,,Q192624
data,454,1,1,0,2,Q494756,Q494756,Q22983
data-structures,453,1,1,1,3,Q175263,,Q175263
jest,450,0,0,0,0,,,Q65121527
statistics,447,1,1,1,3,Q12483,,Q12483
search,446,1,1,0,2,Q4544684,,Q4544684
notifications,444,0,0,0,0,,,Q85789901
pdf,443,0,0,0,0,,,Q42332
zsh,442,0,0,0,0,,,Q227308
scss,442,0,0,0,0,,,Q1572865
gulp,439,0,0,0,0,,,Q24382606
websockets,434,1,1,0,2,Q859938,,Q859938
website,433,1,1,0,2,Q35127,,Q35127
spring,432,0,0,0,0,,,Q720314
sqlite,432,0,0,0,0,,,Q319417
firefox,431,0,0,0,0,,,Q698
vuex,431,0,0,0,0,,,Q61940611
lambda,430,0,0,0,0,,,Q424019
encryption,426,1,1,0,2,Q141090,,Q141090
privacy,422,1,0,0,1,,,Q188728
elm,421,0,0,0,0,,,Q5366250
youtube,420,0,0,0,0,,,Q866
dotfiles,417,0,0,0,0,,,Q721795
emulator,416,0,0,0,0,,,Q202871
jquery-plugin,416,0,0,0,0,,,Q230036
ocaml,415,0,0,0,0,,,Q212587
kafka,414,0,0,0,0,,,Q16235208
command-line-tool,413,1,1,1,3,Q105273027,,Q105273027
eslint,413,0,0,0,0,,,Q55452824
orm,412,1,1,1,3,Q58748,,Q58748
design,410,1,1,0,2,Q82604,,Q82604
spark,408,0,0,0,0,,,Q578866
android-app,408,0,0,0,0,,,Q47005148
facebook,404,0,0,0,0,,,Q355
expressjs,403,0,0,0,0,,,Q16878131
carthage,401,0,0,0,0,,,Q6343
email,400,1,1,0,2,Q9158,,Q9158
csv,400,0,0,0,0,,,Q935809
bootstrap4,398,0,0,0,0,,,Q893195
grpc,397,0,0,0,0,,,Q26356541
package,394,0,0,0,0,,,Q1995545
developer-tools,393,0,0,0,0,,,Q420916
lstm,393,1,1,1,3,Q6673524,,Q6673524
solidity,391,0,0,0,0,,,Q24909565
cache,391,0,0,0,0,,,Q164099
matlab,390,0,0,0,0,,,Q169478
swift4,389,0,0,0,0,,,Q17118377
ui-components,388,1,0,0,1,,-1,Q95971359
optimization,386,1,1,0,2,Q141495,,Q141495
i18n,386,0,0,0,0,,,Q41271
wrapper,384,0,0,0,0,,,Q2594395
p2p,383,1,0,0,1,,,Q161410
mvvm,382,0,0,0,0,,,Q1247905
object-detection,382,1,1,1,3,Q3045304,,Q3045304
extension,381,0,0,0,0,,,Q184148
crypto,381,1,1,1,3,Q8789,,Q8789
heroku,381,0,0,0,0,,,Q2350702
router,376,1,1,0,2,Q5318,,Q5318
gamedev,375,1,1,0,2,Q1061635,Q1061635,Q4039233
webapp,374,0,0,0,0,,,Q189210
analytics,372,1,1,1,3,Q485396,Q485396,Q220577
canvas,372,0,0,0,0,,,Q38110550
classification,370,1,1,0,2,Q13582682,,Q13582682
prometheus,369,0,0,0,0,,,Q52534999
styled-components,368,0,0,0,0,,,Q95969528
hacking,368,0,0,0,0,,,Q2144405
architecture,366,1,1,0,2,Q846636,Q846636,Q43694649
dockerfile,366,0,0,0,0,,,Q15206305
security-tools,366,1,0,0,1,,,Q55607802
deeplearning,363,1,1,1,3,Q197536,,Q197536
npm-package,361,0,0,0,0,,,Q7067518
desktop,361,1,0,0,1,,,Q56155
neovim,360,0,0,0,0,,,Q28975246
oauth2,359,0,0,0,0,,,Q97371579
postgres,358,0,0,0,0,,,Q192490
rxjava,357,0,0,0,0,,,Q96277086
ssh,357,0,0,0,0,,,Q170460
esp8266,357,0,0,0,0,,,Q21094865
workflow,355,0,0,0,0,,,Q1054938
crystal,354,0,0,0,0,,,Q21921428
utility,353,0,0,0,0,,,Q312466
reactive,353,0,0,0,0,,,Q1052411
material-ui,352,0,0,0,0,,,Q263125
deployment,350,0,0,0,0,,,Q1229245
javascript-library,350,0,0,0,0,,,Q783866
telegram-bot,348,0,0,0,0,,,Q27038411
calendar,346,0,0,0,0,,,Q12132
yii2,344,0,0,0,0,,,Q1466168
gan,344,1,1,1,3,Q25104379,,Q25104379
gpu,344,0,0,0,0,,,Q183484
streaming,343,1,1,0,2,Q220499,,Q220499
learning,340,0,0,0,0,,,-1
clojurescript,339,0,0,0,0,,,Q21659868
opensource,337,0,0,0,0,,,Q3644502
angular4,337,0,0,0,0,,,Q2849803
crawler,337,1,1,0,2,Q45842,,Q45842
android-development,335,1,0,0,1,,,Q512473
console,335,1,0,0,1,,,Q5290
qt5,335,0,0,0,0,,,Q54948948
instagram,334,0,0,0,0,,,Q209330
yaml,331,0,0,0,0,,,Q281876
react-router,331,0,0,0,0,,,Q95970447
data-analysis,331,1,1,1,3,Q1988917,,Q1988917
stream,331,0,0,0,0,,,Q47521
react-component,330,0,0,0,0,,,Q126328
mac,330,0,0,0,0,,,Q43627
dependency-injection,329,1,1,0,2,Q635336,,Q635336
dataset,328,0,0,0,0,,,Q1172284
tools,328,0,0,0,0,,,Q39546
icons,327,0,0,0,0,,,Q5986717
chart,327,0,0,0,0,,,Q28923
vue2,325,0,0,0,0,,,Q3553028
vscode-extension,325,0,0,0,0,,,-1
ssr,324,0,0,0,0,,,Q265193
programming-language,324,1,0,0,1,,,Q9143
vagrant,323,0,0,0,0,,,Q7725312
mqtt,323,0,0,0,0,,,Q10322548
starter-kit,322,0,0,0,0,,,Q5206174
mongoose,322,0,0,0,0,,,Q80479
numpy,321,0,0,0,0,,,Q197520
apple,321,0,0,0,0,,,Q89
camera,321,1,1,1,3,Q15328,,Q15328
storage,320,1,1,0,2,Q66221,,Q66221
smart-contracts,320,1,1,1,3,Q7544035,,Q7544035
ionic,317,0,0,0,0,,,Q189548
components,317,0,0,0,0,,,Q7682878
ember,316,0,0,0,0,,,Q177257
postcss,316,0,0,0,0,,,Q27145544
translation,315,1,1,0,2,Q7553,,Q7553
continuous-integration,314,1,1,0,2,Q965769,,Q965769
reverse-engineering,314,1,1,1,3,Q269608,,Q269608
gatsby,313,0,0,0,0,,,Q1408045
widget,312,0,0,0,0,,,Q360625
wpf,312,0,0,0,0,,,Q239084
nextjs,311,0,0,0,0,,,Q56062435
hooks,311,0,0,0,0,,,Q1203383
discord-bot,310,0,0,0,0,,,Q22907849
font,309,1,1,0,2,Q4868296,Q4868296,Q124714
webassembly,308,1,0,0,1,,,Q20155677
symfony-bundle,308,0,0,0,0,,,-1
dns,307,0,0,0,0,,,Q8767
jenkins,306,0,0,0,0,,,Q7491312
test,306,0,0,0,0,,,Q27318
cplusplus,305,0,0,0,0,,,Q2407
generative-adversarial-network,305,1,1,1,3,Q25104379,,Q25104379
responsive,305,0,0,0,0,,,Q420295
threejs,304,0,0,0,0,,,Q3525922
jupyter,302,0,0,0,0,,,Q105099901
nuxt,302,0,0,0,0,,,Q55641291
list,301,0,0,0,0,,,Q27948
erlang,301,0,0,0,0,,,Q334879
productivity,300,0,1,1,2,Q2111958,,Q2111958
configuration,300,1,1,1,3,Q1781447,,Q1781447
uikit,300,0,0,0,0,,,-1
grid,299,0,0,0,0,,,Q249999
navigation,298,0,0,0,0,,,Q102066
script,297,0,0,0,0,,,Q2261620
selenium,297,0,0,0,0,,,Q752522
k8s,296,0,0,0,0,,,Q22661306
rxjava2,296,0,0,0,0,,,-1
webrtc,296,0,0,0,0,,,Q1089715
debian,296,0,0,0,0,,,Q2086463
testing-tools,295,1,0,0,1,,,Q15618492
ci,294,1,1,0,2,Q965769,Q965769,Q40333
real-time,293,1,1,1,3,Q3988,,Q3988
openapi,292,0,0,0,0,,,Q18393146
rabbitmq,291,0,0,0,0,,,Q2081413
asp-net-core,291,0,0,0,0,,,Q17513350
create-react-app,289,0,0,0,0,,,Q95970118
maven,287,0,0,0,0,,,Q139941
node-js,287,0,0,0,0,,,Q756100
android-ui,286,0,0,0,0,,,Q4040805
react-components,286,0,0,0,0,,,Q126328
localization,286,0,0,0,0,,,Q1758815
education,285,1,1,1,3,Q8434,,Q8434
engine,285,0,0,0,0,,,Q44167
cluster,285,1,0,0,1,,,Q204107
asynchronous,285,1,0,0,1,,,Q207450
embedded,284,1,0,0,1,,,Q193040
laravel-package,284,0,0,0,0,,,-1
cordova,284,0,0,0,0,,,Q16626338
home-assistant,283,1,1,0,2,Q28957018,,Q28957018
emoji,283,0,0,0,0,,,Q1049294
dsl,283,0,0,0,0,,,Q691358
pentesting,282,1,1,1,3,Q1501923,,Q1501923
scikit-learn,281,0,0,0,0,,,Q1026367
linter,281,1,0,0,1,,-1,Q1644720
restful-api,280,0,0,0,0,,,Q557770
serialization,279,1,1,0,2,Q1127410,,Q1127410
cmake,279,0,0,0,0,,,Q1023904
static-site-generator,278,1,1,0,2,Q77916592,,Q77916592
rpc,277,0,0,0,0,,,Q62270
xamarin-forms,276,0,0,0,0,,,-1
native,276,0,0,0,0,,,Q169480
wasm,276,0,0,0,0,,,Q20155677
distributed-systems,276,1,1,1,3,Q3962217,,Q3962217
home-automation,275,1,1,1,3,Q848436,,Q848436
ide,275,1,1,0,2,Q13741,,Q13741
sketch,274,0,0,0,0,,,Q13564
nuget,274,0,0,0,0,,,Q975870
javafx,274,0,0,0,0,,,Q2731939
trading,273,0,0,1,1,,Q139445,Q179076
cuda,272,0,0,0,0,,,Q477690
ecommerce,272,1,1,1,3,Q484847,,Q484847
css3,272,0,0,0,0,,,Q11707176
ffmpeg,272,0,0,0,0,,,Q847465
simulation,272,1,1,1,3,Q45045,,Q45045
sublime-text,271,0,0,0,0,,,Q267193
homebrew,270,0,0,0,0,,,Q11223506
state-management,270,1,0,0,1,,,Q7603711
unit-testing,270,1,1,1,3,Q907375,,Q907375
static-analysis,269,1,1,1,3,Q28061130,,Q28061130
form,269,0,0,0,0,,,Q18193
authorization,268,1,0,0,1,,,Q231043
apollo,268,0,0,0,0,,,Q41633
backend,268,1,1,1,3,Q798332,,Q798332
addon,268,0,0,0,0,,,Q184148
helm,268,0,0,0,0,,,Q173603
dagger2,268,0,0,0,0,,,Q2419540
s3,267,0,0,0,0,,,Q600028
https,267,0,0,0,0,,,Q44484
vue-router,265,0,0,0,0,,,Q2433474
benchmark,265,1,1,1,3,Q816747,,Q816747
backup,265,1,1,0,2,Q194274,,Q194274
admin,263,1,0,0,1,,,Q255063
rnn,262,1,1,0,2,Q1457734,,Q1457734
deep-reinforcement-learning,262,1,1,1,3,Q55080229,,Q55080229
pandas,261,0,0,0,0,,,Q15967387
esp32,260,0,0,0,0,,,Q18055388
unix,260,0,0,0,0,,,Q11368
filter,260,0,0,0,0,,,Q327754
ssl,259,0,0,0,0,,,Q206494
api-wrapper,259,0,0,0,0,,,Q64594589
parsing,257,1,1,0,2,Q194152,,Q194152
http-server,256,1,1,0,2,Q18287040,,Q18287040
math,256,1,1,0,2,Q395,,Q395
tcp,255,0,0,0,0,,,Q8803
dotnetcore,254,0,0,0,0,,,Q107383316
clean-architecture,254,1,0,0,1,,,Q3124765
vue-components,254,0,0,0,0,,,Q1069
finance,254,1,1,1,3,Q43015,,Q43015
uwp,254,0,0,0,0,,,Q552179
color,253,0,0,0,0,,,Q1075
tree,253,0,0,0,0,,,Q223655
free,252,0,0,0,0,,,Q1543615
interpreter,252,1,1,1,3,Q183065,,Q183065
perl,252,0,0,0,0,,,Q42478
segmentation,252,1,1,0,2,Q56933,Q56933,Q363057
filesystem,251,1,1,0,2,Q174989,,Q174989
machine-learning-algorithms,251,1,1,1,3,Q2539,Q2539,-1
arduino-library,251,0,0,0,0,,,-1
keyboard,250,0,0,0,0,,,Q1343007
clustering,250,1,1,0,2,Q622825,,Q622825
simple,249,0,0,0,0,,,Q508291
microsoft,249,0,0,0,0,,,Q2283
lightweight,248,0,0,0,0,,,Q1051922
server-side-rendering,247,1,0,0,1,,,Q95969533
spa,247,0,0,0,0,,,Q1341387
promise,247,0,0,0,0,,,Q230590
php-library,246,0,0,0,0,,,Q7075
snippets,246,0,0,0,0,,,-1
messaging,245,1,1,0,2,Q58199,,Q58199
kernel,245,1,1,0,2,Q9662,,Q9662
text,245,0,0,0,0,,,Q234460
metadata,245,0,0,0,0,,,Q180160
driver,244,0,0,0,0,,,Q284786
visual-studio,243,0,0,0,0,,,Q134067
recurrent-neural-networks,242,1,1,0,2,Q25112138,,Q25112138
meteor,241,0,0,0,0,,,Q60186
rxjs,241,0,0,0,0,,,Q29065123
ios-app,241,0,0,0,0,,,Q29167422
face-detection,241,1,1,0,2,Q11681085,,Q11681085
json-schema,240,0,0,0,0,,,Q24875054
vim-plugin,240,0,0,0,0,,,Q108759345
loader,239,0,0,0,0,,,Q217416
map,239,0,0,0,0,,,Q4006
tvos,238,0,0,0,0,,,Q20965967
nosql,238,0,0,0,0,,,Q82231
golang-library,238,0,0,0,0,,,Q28974885
recyclerview,238,0,0,0,0,,,-1
dom,237,0,0,0,0,,,Q2093
docker-container,236,0,0,0,0,,,Q88466429
events,236,0,0,0,0,,,-1
fsharp,236,0,0,0,0,,,Q47492247
github-api,236,0,0,0,0,,,Q55098740
protocol,236,0,0,0,0,,,Q131569
ios-swift,235,0,0,0,0,,,Q17118377
view,234,0,0,0,0,,,Q1329910
realtime,234,1,1,1,3,Q3988,Q3988,Q347066
wallet,234,0,0,0,0,,,Q131740
charts,233,0,0,0,0,,,Q28923
spotify,233,0,0,0,0,,,Q689141
scraper,233,1,1,0,2,Q665452,Q665452,Q247351
schema,233,0,0,0,0,,,Q431165
wifi,232,1,0,0,1,,,Q29643
forms,232,0,0,0,0,,,Q12714743
travis-ci,232,0,0,0,0,,,Q73134
sentiment-analysis,232,1,1,1,3,Q2271421,,Q2271421
electron-app,232,0,0,0,0,,,Q21614124
converter,231,1,0,0,1,,,Q84115
big-data,230,1,1,0,2,Q858810,,Q858810
mvp,230,0,0,0,0,,,Q944207
restful,230,0,0,0,0,,,Q749568
player,229,1,0,0,1,,,-1
concurrency,228,1,0,0,1,,,Q1414548
syntax-highlighting,228,1,1,0,2,Q747907,,Q747907
bluetooth,227,1,0,0,1,,,Q39531
oauth,227,1,0,0,1,,,Q743238
haxe,227,0,0,0,0,,,Q285886
maps,227,0,0,0,0,,,Q4006
axios,226,0,0,0,0,,,Q3380577
grafana,226,0,0,0,0,,,Q43399271
python-3,225,0,0,0,0,,,Q15728
mock,225,0,0,0,0,,,Q582253
http-client,225,1,1,0,2,Q2979024,,Q2979024
sketch-plugin,224,0,0,0,0,,,-1
crud,224,1,0,0,1,,,Q60500
queue,224,0,0,0,0,,,Q220543
yarn,224,0,0,0,0,,,Q28975591
time-series,224,1,1,0,2,Q186588,,Q186588
development,224,1,1,0,2,Q638608,Q638608,Q695829
logger,223,1,0,0,1,,,Q309396
ros,223,0,0,0,0,,,Q34687
java-8,222,0,0,0,0,,,Q3163099
gradle-plugin,222,0,0,0,0,,,Q60062036
parse,222,1,1,1,3,Q194152,Q194152,Q21070948
pipeline,221,0,0,0,0,,,Q1192422
tdd,221,0,0,0,0,,,Q354147
tls,221,0,0,0,0,,,Q206494
container,221,0,0,0,0,,,Q187956
fast,220,0,0,0,0,,,Q44602
dialog,220,0,0,0,0,,,Q86915
functional,220,0,0,0,0,,,Q579600
routing,220,1,1,0,2,Q22725,,Q22725
image-classification,220,1,1,1,3,Q98526763,,Q98526763
distributed,219,1,0,0,1,,,Q107380965
ruby-gem,219,0,0,0,0,,,Q105467322
book,219,0,0,0,0,,,Q571
examples,218,0,0,0,0,,,Q1513987
koa,218,0,0,0,0,,,Q1718868
compression,218,1,1,0,2,Q2493,,Q2493
mobx,217,0,0,0,0,,,-1
protobuf,217,0,0,0,0,,,Q1645574
kotlin-library,216,0,0,0,0,,,-1
vr,216,1,1,0,2,Q170519,,Q170519
d3,216,0,0,0,0,,,Q3011087
config,216,0,0,0,0,,,Q76183940
gis,216,1,1,0,2,Q483130,,Q483130
analysis,216,0,0,0,0,,,Q7754
ocr,216,1,1,0,2,Q167555,,Q167555
flutter-examples,216,0,0,0,0,,,-1
application,215,0,0,0,0,,,Q11348
table,215,0,0,0,0,,,Q14748
shaders,214,1,0,0,1,,,Q947686
llvm,214,0,0,0,0,,,Q223490
ruby-on-rails,214,0,0,0,0,,,Q190478
rss,214,0,0,0,0,,,Q45432
visual-studio-code,214,0,0,0,0,,,Q19841877
detection,213,0,0,0,0,,,Q5720030
gitlab,213,0,0,0,0,,,Q16639197
jsx,213,0,0,0,0,,,Q105157779
socket-io,213,1,0,0,1,,,Q7552998
web-components,213,1,1,0,2,Q18217380,,Q18217380
starter,212,0,0,0,0,,,Q557828
letsencrypt,212,0,0,0,0,,,Q107383907
redux-saga,212,0,0,0,0,,,-1
react-hooks,211,0,0,0,0,,,Q95960343
json-api,211,0,0,0,0,,,Q28758133
mvc,210,0,0,0,0,,,Q9687
laravel-5-package,210,0,0,0,0,,,-1
layout,210,0,0,0,0,,,Q356732
autocomplete,210,0,0,0,0,,,Q749875
cqrs,208,0,0,0,0,,,Q3954590
downloader,207,0,0,0,0,,,Q1278252
bundle,206,0,0,0,0,,,Q1020767
module,206,0,0,0,0,,,Q18848
alpine,206,0,0,0,0,,,Q924117
android-studio,206,0,0,0,0,,,Q13233410
firefox-addon,205,0,0,0,0,,,Q15008073
gem,205,0,0,0,0,,,Q83437
phoenix,204,0,0,0,0,,,-1
nativescript,204,0,0,0,0,,,Q28127049
socket,204,1,0,0,1,,,Q380288
penetration-testing,204,1,1,1,3,Q1501923,,Q1501923
package-manager,203,1,1,1,3,Q891055,,Q891055
ml,203,1,1,1,3,Q2539,,Q2539
music-player,203,0,0,0,0,,,Q758895
aspnetcore,201,0,0,0,0,,,Q17513350
decentralized,201,0,0,0,0,,,Q30929011
genetic-algorithm,200,1,1,1,3,Q187787,,Q187787
craftcms,200,0,0,0,0,,,-1
offline,200,0,0,0,0,,,Q2015967
flutter-apps,200,0,0,0,0,,,Q39072787
angular5,200,0,0,0,0,,,Q2849803
elixir-lang,199,0,0,0,0,,,Q5362035
progressive-web-app,199,1,0,0,1,,,Q23679990
angular-cli,199,0,0,0,0,,,-1
vpn,199,1,0,0,1,,,Q170963
nuxtjs,199,0,0,0,0,,,Q55641291
cran,199,0,0,0,0,,,Q2086703
caffe,199,0,0,0,0,,,Q29364604
excel,198,0,0,0,0,,,Q11272
cpp17,198,0,0,0,0,,,Q15952161
augmented-reality,198,1,1,1,3,Q254183,,Q254183
menu,198,0,0,0,0,,,Q658274
asyncio,197,0,0,0,0,,,Q107383660
jvm,197,0,0,0,0,,,Q193321
github-actions,197,0,0,0,0,,,Q97185096
data-mining,197,1,1,1,3,Q172491,,Q172491
semantic-segmentation,196,1,1,1,3,Q56933,,Q56933
mocha,196,0,0,0,0,,,Q739929
static-site,195,1,1,0,2,Q52720701,,Q52720701
activerecord,195,0,0,0,0,,,Q344181
ajax,195,0,0,0,0,,,Q134471
social-network,195,1,1,1,3,Q2715623,,Q2715623
animations,195,0,1,1,2,Q11425,,Q11425
raspberrypi,194,0,0,0,0,,,Q245
accessibility,194,0,0,0,0,,,Q555097
debugger,194,0,1,1,2,Q193231,,Q193231
community,193,0,0,0,0,,,Q177634
template-engine,192,0,0,0,0,,,Q351507
jekyll-theme,192,0,0,0,0,,,-1
serverless-framework,191,0,0,0,0,,,Q22952981
flutter-plugin,191,0,0,0,0,,,-1
flow,191,0,0,0,0,,,Q284928
shader,190,1,0,0,1,,,Q633182
images,189,1,1,0,2,Q478798,,Q478798
react-redux,189,0,0,0,0,,,Q95958062
django-rest-framework,189,0,0,0,0,,,Q107383674
firefox-extension,189,0,0,0,0,,,Q15008061
workshop,189,0,0,0,0,,,Q83405
ast,189,1,0,0,1,,,Q127380
debug,188,1,1,1,3,Q845566,Q845566,Q193231
shell-script,188,0,0,0,0,,,Q959549
webserver,188,1,1,0,2,Q11288,,Q11288
universal,188,0,0,0,0,,,Q2070258
glsl,187,0,0,0,0,,,Q779819
python-library,187,0,0,0,0,,,Q29642950
text-classification,187,1,1,1,3,Q102190569,,Q102190569
nim,186,0,0,0,0,,,Q20080327
research,186,0,0,0,0,,,Q4544684
api-gateway,186,0,0,0,0,,,Q5527213
password,186,0,0,0,0,,,Q161157
ecs,185,0,0,0,0,,,Q1270401
face-recognition,185,1,1,1,3,Q1192553,,Q1192553
debugging,185,1,1,0,2,Q845566,,Q845566
tmux,185,0,0,0,0,,,Q1935361
plugins,184,0,0,0,0,,,Q184148
iphone,184,0,0,0,0,,,Q2766
speech-recognition,184,1,1,1,3,Q189436,,Q189436
google-maps,183,0,0,0,0,,,Q12013
vulkan,183,0,0,0,0,,,Q8072
udp,183,1,0,0,1,,,Q11163
front-end,182,0,0,0,0,,,Q70507976
tutorials,182,0,0,0,0,,,Q535741
operating-system,181,1,1,0,2,Q9135,,Q9135
web-application,180,1,1,1,3,Q189210,,Q189210
build,180,0,0,0,0,,,Q183252
reactive-programming,179,1,1,0,2,Q4354073,,Q4354073
seo,179,0,0,0,0,,,Q180711
expo,179,0,0,0,0,,,Q57305
monitor,179,0,0,0,0,,,Q5290
assembly,179,0,0,0,0,,,Q165436
screenshot,179,0,0,0,0,,,Q208594
physics,178,1,1,0,2,Q413,,Q413
preact,178,0,0,0,0,,,Q21446629
picker,178,0,0,0,0,,,Q20058020
parallel,178,1,0,0,1,,,Q53875
d3js,177,0,0,0,0,,,Q3011087
regex,177,1,1,0,2,Q185612,,Q185612
repl,177,0,0,0,0,,,Q2032810
login,177,1,0,0,1,,,Q472302
games,176,0,1,1,2,Q11410,,Q11410
bash-script,176,0,0,0,0,,,Q62625561
hacktoberfest2020,176,0,0,0,0,,,-1
lisp,176,0,0,0,0,,,Q132874
aws-s3,175,0,0,0,0,,,Q107381884
scanner,175,1,0,0,1,,,Q32566
github-pages,175,0,0,0,0,,,Q30324817
css-framework,174,0,0,0,0,,,Q5014368
swift-package-manager,174,0,0,0,0,,,-1
admin-dashboard,174,1,0,0,1,,,-1
mobile-app,174,0,0,0,0,,,Q620615
time,174,1,0,0,1,,,Q11471
storybook,173,0,0,0,0,,,Q4050213
genomics,173,1,1,0,2,Q222046,,Q222046
search-engine,173,1,1,0,2,Q19541,,Q19541
google-cloud,173,0,0,0,0,,,Q17054505
hardware,172,1,0,0,1,,,Q3966
cpp14,172,0,0,0,0,,,Q5005846
malware,172,1,1,0,2,Q14001,,Q14001
reddit,172,0,0,0,0,,,Q1136
modular,172,0,0,0,0,,,Q391640
gnome,170,0,0,0,0,,,Q44316
openshift,170,0,0,0,0,,,Q2912272
cassandra,170,0,0,0,0,,,Q616639
dark-theme,170,0,0,0,0,,,-1
color-scheme,169,0,0,0,0,,,Q859170
java-library,169,0,0,0,0,,,Q783866
internationalization,168,0,0,0,0,,,Q41271
programming,168,1,1,0,2,Q80006,,Q80006
formatter,167,0,0,0,0,,,Q690117
arkit,166,0,0,0,0,,,Q10872
devtools,166,0,0,0,0,,,Q104201951
matrix,165,0,0,0,0,,,Q44337
isomorphic,165,1,0,0,1,,,Q95958966
science,165,1,1,0,2,Q336,,Q336
coroutines,165,1,0,0,1,,,Q1339231
scraping,165,1,1,0,2,Q665452,,Q665452
annotations,164,0,0,0,0,,,-1
design-patterns,164,1,1,0,2,Q181156,,Q181156
web3,164,0,0,0,0,,,Q107383988
flux,164,0,0,0,0,,,Q3241795
event-sourcing,163,0,0,0,0,,,Q17349088
watchos,163,0,0,0,0,,,Q18012472
swift-3,163,0,0,0,0,,,Q5463276
fortran,163,0,0,0,0,,,Q83303
multiplayer,163,0,0,0,0,,,Q209075
file,162,0,0,0,0,,,Q82753
sqlite3,162,0,0,0,0,,,Q319417
log,162,1,0,0,1,,,Q11197
sync,162,1,0,0,1,,,Q1956265
midi,162,0,0,0,0,,,Q80535
webcomponents,162,0,0,0,0,,,Q18217380
high-performance,162,1,0,0,1,,,Q6176430
css-in-js,162,0,0,0,0,,,Q65053865
flexbox,162,0,0,0,0,,,Q17049185
akka,162,0,0,0,0,,,Q294213
coffeescript,162,0,0,0,0,,,Q1106819
webpack2,161,0,0,0,0,,,Q22909730
matplotlib,161,0,0,0,0,,,Q2985668
web-app,161,1,1,0,2,Q189210,,Q189210
cloudformation,161,0,0,0,0,,,Q107384884
test-automation,161,1,1,1,3,Q1475717,,Q1475717
http2,161,0,0,0,0,,,Q739120
download,161,0,0,0,0,,,Q1188265
browser-extension,161,0,0,1,1,,,Q874411
modal,160,0,0,0,0,,,Q1982355
qrcode,160,0,0,0,0,,,Q107383658
reasonml,160,0,0,0,0,,,Q63565848
curl,160,0,0,0,0,,,Q206310
media,160,0,0,0,0,,,Q11033
bots,160,1,1,0,2,Q191865,Q191865,Q30587716
swift-library,159,0,0,0,0,,,Q17118377
gcp,159,0,0,0,0,,,Q1537519
infrastructure,159,0,0,0,0,,,Q121359
dartlang,159,0,0,0,0,,,Q406009
build-tool,159,0,0,0,0,,,Q2727468
code-generation,159,1,1,1,3,Q1061077,,Q1061077
influxdb,159,0,0,0,0,,,Q28127110
virtual-machine,158,1,1,0,2,Q192726,,Q192726
ux,158,0,0,1,1,,,Q1047808
exploit,158,0,0,0,0,,,Q11287
weather,158,0,0,0,0,,,Q11663
webextension,158,0,0,0,0,,,Q47904718
best-practices,158,0,0,0,0,,,Q830382
tracking,158,1,1,0,2,Q1931635,Q1931635,Q466845
model,158,0,0,0,0,,,Q193946
validator,157,1,1,0,2,Q1575458,,Q1575458
rendering,157,1,1,0,2,Q176953,,Q176953
gtk,157,0,0,0,0,,,Q189464
ionic-framework,156,0,0,0,0,,,Q17576071
notes,156,0,0,0,0,,,Q4653740
guide,156,0,0,0,0,,,Q370979
web-framework,156,1,0,0,1,,,Q1330336
notebook,156,0,0,0,0,,,Q3962
payment,156,0,0,0,0,,,Q1148747
input,155,1,0,0,1,,,Q210947
mathematics,155,1,1,1,3,Q395,,Q395
drag-and-drop,155,0,0,0,0,,,Q558376
webpack4,155,0,0,0,0,,,Q22909730
netcore,155,0,0,0,0,,,Q33440256
yii2-extension,155,0,0,0,0,,,-1
tor,155,0,0,0,0,,,Q202044
2d,155,0,0,0,0,,,Q222032
smtp,155,0,0,0,0,,,Q160453
datepicker,154,1,0,0,1,,,Q25345907
service,154,1,0,0,1,,,Q44127
intellij,154,0,0,0,0,,,Q1206660
geojson,154,0,0,0,0,,,Q5533904
unicode,153,0,0,0,0,,,Q8819
wordpress-theme,153,0,0,0,0,,,Q108437388
gallery,153,0,0,0,0,,,Q164419
ember-addon,153,0,0,0,0,,,-1
self-hosted,153,0,0,0,0,,,Q2872462
gif,153,0,0,0,0,,,Q2192
consul,153,0,0,0,0,,,Q40779
slider,153,0,0,0,0,,,Q608445
jwt-authentication,153,0,0,0,0,,,-1
swift3,152,0,0,0,0,,,Q17118377
graphql-server,152,0,0,0,0,,,Q107384530
godot,152,0,0,0,0,,,Q16972633
pagination,152,0,0,0,0,,,Q656083
amazon,152,0,0,0,0,,,Q3884
ddd,152,0,0,0,0,,,Q524367
management,152,0,0,0,0,,,Q6746657
circleci,152,0,0,0,0,,,Q38922434
less,152,0,0,0,0,,,Q345096
web-development,152,1,1,1,3,Q386275,,Q386275
infosec,152,0,0,0,0,,,Q189900
eloquent,152,0,0,0,0,,,Q1489271
shiny,151,0,0,0,0,,,Q1079524
computer-science,151,1,1,0,2,Q21198,,Q21198
pypi,151,0,0,0,0,,,Q6541095
vue-component,151,0,0,0,0,,,Q1069
continuous-delivery,151,1,1,0,2,Q2507377,,Q2507377
word2vec,151,0,0,0,0,,,Q22673982
rxswift,151,0,0,0,0,,,-1
torrent,150,0,0,0,0,,,Q133862
wiki,150,0,0,0,0,,,Q171
transfer-learning,150,1,1,1,3,Q6027324,,Q6027324
resources,150,0,0,0,0,,,Q1554231
dynamodb,150,0,0,0,0,,,Q15731832
server-side-swift,149,0,0,0,0,,,Q25345276
cheatsheet,149,0,0,0,0,,,Q2309859
apache,149,0,0,0,0,,,Q11354
vue-cli,149,0,0,0,0,,,-1
minimal,149,0,0,0,0,,,Q173436
hack,149,0,0,0,0,,,Q1756631
mariadb,148,0,0,0,0,,,Q787177
photos,148,0,0,0,0,,,Q125191
code,148,0,0,0,0,,,Q188889
geospatial,148,1,1,0,2,Q5915793,Q5915793,Q107108718
messenger,147,0,0,0,0,,,Q116947
exchange,147,0,0,0,0,,,Q179076
spigot,147,0,0,0,0,,,Q298656
utilities,147,0,0,0,0,,,Q1951366
dotnet-standard,147,0,0,0,0,,,Q595637
tailwindcss,147,0,0,0,0,,,Q102173844
windows-10,147,0,0,0,0,,,Q18168774
puppeteer,146,0,0,0,0,,,Q3891642
swiftui,146,0,0,0,0,,,Q97455771
coreml,146,0,0,0,0,,,Q107381672
encoding,146,0,0,0,0,,,Q18653
oracle,146,0,0,0,0,,,Q19900
easy-to-use,146,0,0,0,0,,,Q216378
mail,146,1,1,0,2,Q9158,,Q9158
steam,146,0,0,0,0,,,Q190120
hash,146,0,0,0,0,,,Q151980
spring-security,146,0,0,0,0,,,Q4049968
sms,145,0,0,0,0,,,Q43024
error-handling,145,0,0,0,0,,,Q471748
paper,145,0,0,0,0,,,Q11472
nestjs,145,0,0,0,0,,,Q107015664
peer-to-peer,145,1,0,0,1,,,Q161410
geolocation,145,1,0,0,1,,,Q259755
groovy,144,0,0,0,0,,,Q504453
rust-library,144,0,0,0,0,,,Q63323446
angular6,144,0,0,0,0,,,Q2849803
training,144,0,0,0,0,,,Q918385
swift5,143,0,0,0,0,,,Q17118377
twitter-api,143,0,0,0,0,,,Q54935352
pentest,143,1,1,1,3,Q1501923,,Q1501923
skeleton,143,0,0,0,0,,,Q1169129
custom,143,0,0,0,0,,,Q1087043
unsupervised-learning,142,1,1,1,3,Q1152135,,Q1152135
kaggle,142,0,0,0,0,,,Q10996045
dynamic,142,0,0,0,0,,,Q1268978
installer,142,0,0,0,0,,,Q838044
cloud-native,142,0,0,0,0,,,Q85753005
hackathon,142,0,0,0,0,,,Q46855
state,142,0,0,0,0,,,Q107390
relay,141,0,0,0,0,,,Q174053
google-analytics,141,0,0,0,0,,,Q220577
android-architecture,141,0,0,0,0,,,Q101208469
query,141,0,0,0,0,,,Q11169
bukkit,141,0,0,0,0,,,Q32149869
emacs-lisp,141,0,0,0,0,,,Q1334586
nlp-machine-learning,141,1,1,1,3,Q30642,Q30642,Q5396532
polymer,141,0,0,0,0,,,Q21463129
diff,141,0,0,0,0,,,Q300901
header-only,141,0,0,0,0,,,Q5689555
robot,140,0,0,0,0,,,Q11012
sample,140,0,0,0,0,,,Q49906
stack,140,0,0,0,0,,,Q177929
apollo-client,140,0,0,0,0,,,Q95963695
webhook,140,0,0,0,0,,,Q2553302
netstandard,139,0,0,0,0,,,-1
common-lisp,139,0,0,0,0,,,Q849146
upload,139,0,0,0,0,,,Q1188265
gatsbyjs,139,0,0,0,0,,,Q105245440
netlify,139,0,0,0,0,,,Q56102498
pubsub,139,0,0,0,0,,,Q818562
macosx,139,0,0,0,0,,,Q14116
cybersecurity,139,1,1,1,3,Q5276156,,Q5276156
date,139,0,0,0,0,,,Q186408
firestore,139,0,0,0,0,,,Q59908994
playground,138,0,0,0,0,,,Q11875349
news,138,0,0,0,0,,,-1
koa2,138,0,0,0,0,,,Q9017517
cron,138,0,0,0,0,,,Q300864
push-notifications,138,0,0,0,0,,,Q2984643
linear-algebra,138,1,1,1,3,Q82571,,Q82571
neo4j,138,0,0,0,0,,,Q1628290
docs,138,0,0,0,0,,,Q9344
scheduler,138,1,1,0,2,Q1123036,,Q1123036
ansible-role,138,0,0,0,0,,,-1
pug,137,0,0,0,0,,,Q2756065
seq2seq,137,1,0,0,1,,,Q41589189
mapping,137,0,0,0,0,,,Q11348
osint,137,0,0,0,0,,,Q1059178
competitive-programming,137,1,0,0,1,,,Q288568
bdd,137,1,0,0,1,,,Q8513
twitch,137,0,0,0,0,,,Q4555537
irc,137,0,0,0,0,,,Q73
homebridge,137,0,0,0,0,,,Q28206973
anime,137,0,0,0,0,,,Q105157614
centos,136,0,0,0,0,,,Q207542
simulator,136,1,1,1,3,Q2057931,,Q2057931
geometry,136,1,1,0,2,Q8087,,Q8087
openstreetmap,136,0,0,0,0,,,Q936
scroll,136,0,0,0,0,,,Q181319
templates,136,0,0,0,0,,,Q20769160
terraform-provider,135,0,0,0,0,,,-1
mvvm-architecture,135,0,0,0,0,,,Q1247905
vault,135,0,0,0,0,,,Q189771
mit-license,134,0,0,0,0,,,Q7603
vapor,134,0,0,0,0,,,Q178193
themes,134,0,0,0,0,,,Q97605999
sql-server,134,0,0,0,0,,,Q76320
bootstrap-4,134,0,0,0,0,,,Q893195
sound,134,0,0,0,0,,,Q11461
firebase-database,134,0,0,0,0,,,Q18150728
svelte,133,0,0,0,0,,,Q16863097
prettier,133,0,0,0,0,,,Q30147525
fish,133,0,0,0,0,,,Q307263
recommender-system,133,1,1,1,3,Q554950,,Q554950
regression,133,1,1,0,2,Q208042,,Q208042
python2,133,0,0,0,0,,,Q28865
button,133,0,0,0,0,,,Q160464
notification,133,0,0,0,0,,,Q7063031
cryptocurrencies,132,1,1,1,3,Q13479982,,Q13479982
text-editor,132,1,1,0,2,Q131212,,Q131212
toolkit,132,0,0,0,0,,,Q1193246
kubernetes-cluster,132,0,0,0,0,,,Q22661306
graph-algorithms,132,1,1,1,3,Q30503704,,Q30503704
virtual-reality,132,1,1,1,3,Q170519,,Q170519
trading-bot,131,0,0,0,0,,,Q4292129
todo,131,0,0,0,0,,,Q11559755
file-upload,131,1,0,0,1,,,Q3744950
packer,131,0,0,0,0,,,Q2045669
transition,131,0,0,0,0,,,Q1606712
medical-imaging,130,1,1,1,3,Q931309,,Q931309
loading,130,0,0,0,0,,,Q4350337
racket,130,0,0,0,0,,,Q153362
coverage,130,0,0,0,0,,,Q1798167
twig,130,0,0,0,0,,,Q4051886
documentation-tool,129,0,0,0,0,,,-1
x86,129,0,0,0,0,,,Q182933
rubygem,129,0,0,0,0,,,Q1853420
request,129,0,0,0,0,,,Q7314788
controller,129,0,0,0,0,,,Q273140
mocking,129,1,0,0,1,,,Q25635316
portfolio,129,0,0,0,0,,,Q915026
webpack-plugin,129,0,0,0,0,,,Q95959764
processing,128,0,0,0,0,,,Q537288
immutable,128,0,0,0,0,,,Q23828
qml,128,0,0,0,0,,,Q961543
carousel,128,0,0,0,0,,,Q208322
mongo,128,0,0,0,0,,,Q183435
auth,128,0,0,0,0,,,Q107384245
hls,128,0,0,0,0,,,Q642074
art,128,0,0,0,0,,,Q735
magento,128,0,0,0,0,,,Q1884012
mnist,127,0,0,0,0,,,Q17069496
os,127,0,0,0,0,,,Q751
livedata,127,0,0,0,0,,,Q86739021
phpunit,127,0,0,0,0,,,Q1663673
truffle,126,0,0,0,0,,,Q2690965
tracing,126,0,0,0,0,,,Q322229
modules,126,0,0,0,0,,,Q17105199
vimrc,126,0,0,0,0,,,-1
hadoop,126,0,0,0,0,,,-1
desktop-app,125,0,0,0,0,,,Q106764295
dropdown,125,0,0,0,0,,,Q783066
bindings,125,0,0,0,0,,,Q44424
macros,125,0,0,0,0,,,Q629579
es2015,125,0,0,0,0,,,Q2005
whatsapp,125,0,0,0,0,,,Q1049511
files,125,0,0,0,0,,,Q82753
firmware,125,0,0,0,0,,,Q104851
scripting,125,0,0,0,0,,,Q187432
customizable,125,0,0,0,0,,,Q734698
agent,125,0,0,0,0,,,Q392648
phaser,125,0,0,0,0,,,Q1087392
sbt,124,0,0,0,0,,,Q965371
interactive,124,0,0,0,0,,,Q98918448
payments,124,0,0,0,0,,,Q1148747
opencl,124,0,0,0,0,,,Q681360
viewmodel,124,0,0,0,0,,,Q925858
timeline,124,0,0,0,0,,,Q186117
vim-plugins,124,0,0,0,0,,,Q108759345
portable,124,0,0,0,0,,,Q1820120
state-machine,124,0,0,0,0,,,Q6035379
security-audit,124,0,0,0,0,,,Q1538367
reverse-proxy,124,0,0,0,0,,,Q1192309
oop,123,0,0,0,0,,,Q79872
code-generator,123,1,1,0,2,Q1061077,,Q1061077
amqp,123,0,0,0,0,,,Q379626
select,123,0,0,0,0,,,Q307386
angular7,123,0,0,0,0,,,Q2849803
entity-framework,123,0,0,0,0,,,Q290508
url,123,0,0,0,0,,,Q42253
kibana,123,0,0,0,0,,,Q6403946
attention-mechanism,123,0,0,0,0,,,-1
feed,123,0,0,0,0,,,Q2095
project,122,0,0,0,0,,,Q80336
decorators,122,0,0,0,0,,,Q23839
graphs,122,0,0,0,0,,,Q28923
timer,122,0,0,0,0,,,Q186612
styleguide,122,0,0,0,0,,,Q198614
machinelearning,122,1,1,1,3,Q2539,,Q2539
gps,122,1,0,0,1,,,Q18822
image-segmentation,121,1,1,1,3,Q56933,,Q56933
text-mining,121,1,1,1,3,Q676880,,Q676880
mod,121,0,0,0,0,,,Q865493
ionic3,121,0,0,0,0,,,Q189548
firebase-auth,121,0,0,0,0,,,Q60167254
fonts,121,0,0,0,0,,,Q83559312
progress-bar,121,0,0,0,0,,,Q762308
wysiwyg,120,0,0,0,0,,,Q170542
chromium,120,0,0,0,0,,,Q48524
sequelize,120,0,0,0,0,,,Q261636
mono,120,0,0,0,0,,,Q29135
clang,120,0,0,0,0,,,Q864915
wechat,120,0,0,0,0,,,Q283233
monorepo,120,0,0,0,0,,,Q25894883
switch,120,0,0,0,0,,,Q4503
repository,120,0,0,0,0,,,Q1235234
caching,120,1,0,0,1,,,Q165596
purescript,119,0,0,0,0,,,Q65082796
bulma,119,0,0,0,0,,,Q11540953
popup,119,0,0,0,0,,,Q723906
sort,119,0,0,0,0,,,Q4886
rust-lang,119,0,0,0,0,,,Q575650
procedural-generation,119,1,0,0,1,,,Q655427
webapi,119,0,0,0,0,,,Q557770
ngrx,119,0,0,0,0,,,Q28885046
etl,119,1,1,0,2,Q1276130,Q1276130,Q42339
array,119,0,0,0,0,,,Q186152
virtualbox,119,0,0,0,0,,,Q11393
stripe,119,0,0,0,0,,,Q3421342
token,119,0,0,0,0,,,Q172841
swipe,118,0,0,0,0,,,Q597974
tabs,118,0,0,0,0,,,Q814196
drawing,118,0,0,0,0,,,Q93184
custom-view,118,0,0,0,0,,,Q7928801
hpc,118,0,0,0,0,,,Q1190465
collection,118,0,0,0,0,,,Q208165
fetch,118,0,0,0,0,,,Q621694
prediction,118,0,0,0,0,,,Q748250
godot-engine,118,0,0,0,0,,,Q16972633
runtime,118,0,0,0,0,,,Q288510
string,118,0,0,0,0,,,Q33198
rmarkdown,118,0,0,0,0,,,Q53086556
image-recognition,117,1,1,1,3,Q28038508,,Q28038508
face,117,0,0,0,0,,,Q355
certificate,117,0,0,0,0,,,Q196756
configuration-management,117,1,0,0,1,,,Q1153495
entity-framework-core,117,0,0,0,0,,,Q24834697
localstorage,117,0,0,0,0,,,-1
react-router-v4,117,0,0,0,0,,,-1
antd,117,0,0,0,0,,,Q96255221
craft-plugin,116,0,0,0,0,,,-1
vector,116,0,0,0,0,,,Q44528
reproducible-research,116,0,0,0,0,,,-1
mp3,116,0,0,0,0,,,Q42591
lint,116,0,0,0,0,,,Q351337
css-modules,116,0,0,0,0,,,Q95969546
transformer,116,0,0,0,0,,,Q11658
cli-app,116,0,0,0,0,,,Q62863705
emulation,116,0,0,1,1,,,Q5374873
builder,116,0,0,0,0,,,Q765164
integration,116,0,0,0,0,,,Q80091
azure-functions,116,0,0,0,0,,,Q107384644
python-script,116,0,0,0,0,,,Q15955723
serializer,116,0,0,0,0,,,Q1127410
sensor,116,0,0,0,0,,,Q167676
assets,116,0,0,0,0,,,Q46737
viewer,116,0,0,0,0,,,Q860676
springboot,115,0,0,0,0,,,-1
3d-printing,115,0,1,0,1,,,Q229367
multithreading,115,1,0,0,1,,,Q213092
docker-swarm,115,0,0,0,0,,,Q64825554
password-manager,115,1,1,1,3,Q1281199,,Q1281199
continuous-deployment,115,1,1,0,2,Q57261400,,Q57261400
regular-expression,115,1,0,0,1,,,Q185612
jdbc,115,0,0,0,0,,,Q722772
architecture-components,115,1,0,0,1,,,Q589893
babel-plugin,115,0,0,0,0,,,Q95968906
leaflet,115,0,0,0,0,,,Q13685322
rspec,115,0,0,0,0,,,Q3463141
archlinux,114,0,0,0,0,,,Q185576
hugo,114,0,0,0,0,,,Q188914
vanilla-javascript,114,0,0,0,0,,,-1
mxnet,114,0,0,0,0,,,Q22348165
memory,114,0,0,0,0,,,Q492
interview,114,0,0,0,0,,,-1
permissions,114,0,0,0,0,,,Q231043
vanilla-js,114,0,0,0,0,,,Q95956599
yeoman,114,0,0,0,0,,,Q8052437
logs,114,0,0,0,0,,,Q35473
slides,113,0,0,0,0,,,Q355480
vuetify,113,0,0,0,0,,,-1
video-player,113,0,0,0,0,,,Q1637192
hacking-tool,113,1,0,1,2,Q3125508,,Q3125508
udacity,113,0,0,0,0,,,Q766546
junit,113,0,0,0,0,,,Q847675
radio,113,0,0,0,0,,,Q872
alert,113,0,0,0,0,,,Q2802022
location,113,1,0,0,1,,,Q1045481
magento2,113,0,0,0,0,,,Q1884012
ui-design,113,0,0,0,0,,,Q135707
homebridge-plugin,112,0,0,0,0,,,-1
progress,112,1,0,0,1,,,Q247792
toast,112,0,0,0,0,,,Q6128
yolo,112,0,0,0,0,,,Q55148
manager,112,0,0,0,0,,,Q3844234
webview,112,1,0,0,1,,,Q105849731
drupal,112,0,0,0,0,,,Q170855
stats,111,0,0,0,0,,,Q7604370
reflection,111,0,0,0,0,,,Q165939
faas,111,0,0,0,0,,,Q1088484
event-driven,111,0,0,0,0,,,Q5416682
yii,111,0,0,0,0,,,Q1466168
service-worker,111,0,0,0,0,,,Q31836133
x86-64,111,0,0,0,0,,,Q272629
static-code-analysis,111,1,1,1,3,Q1329550,,Q1329550
interview-questions,111,0,0,0,0,,,-1
datetime,111,1,0,0,1,,,Q107381847
self-driving-car,111,1,0,0,1,,,Q741490
deprecated,111,0,0,0,0,,,Q280943
pandoc,110,0,0,0,0,,,Q2049294
hibernate,110,0,0,0,0,,,Q747866
money,110,0,0,0,0,,,Q1368
datascience,110,1,1,1,3,Q2374463,,Q2374463
cpu,110,0,0,0,0,,,Q5300
spring-mvc,110,0,0,0,0,,,-1
webpack-loader,110,0,0,0,0,,,Q107384169
flutter-demo,110,0,0,0,0,,,-1
logstash,109,0,0,0,0,,,Q17620247
json-parser,109,1,0,0,1,,,Q95955661
versioning,109,0,0,0,0,,,Q3331189
infrastructure-as-code,109,0,0,0,0,,,Q24964334
font-awesome,109,0,0,0,0,,,Q19571791
course,109,0,0,0,0,,,Q600134
java8,109,0,0,0,0,,,Q12117
dash,108,0,0,0,0,,,Q135299
terraform-modules,108,0,0,0,0,,,-1
single-page-app,108,1,0,0,1,,,Q1990286
android-sdk,108,0,0,0,0,,,Q29364625
sklearn,108,0,0,0,0,,,Q1026367
spider,108,0,0,0,0,,,Q1357
spreadsheet,108,0,0,0,0,,,Q183197
amazon-web-services,107,0,0,0,0,,,Q28600330
rubygems,107,0,0,0,0,,,Q1853420
golang-package,107,0,0,0,0,,,-1
rollup,107,0,0,0,0,,,Q7361370
internet-of-things,107,0,1,1,2,Q251212,,Q251212
network-analysis,107,1,1,1,3,Q4417999,,Q4417999
presentation,107,1,0,0,1,,,Q464980
wordpress-development,107,0,0,0,0,,,Q97822814
declarative,107,0,0,0,0,,,Q2684591
png,107,0,0,0,0,,,Q178051
emotion,107,0,0,0,0,,,Q9415
slack-bot,107,0,0,0,0,,,Q26520201
currency,107,0,0,0,0,,,Q8142
openapi3,106,0,0,0,0,,,Q18393146
aspnet-core,106,0,0,0,0,,,Q17513350
requests,106,0,0,0,0,,,Q22661317
samples,106,0,0,0,0,,,Q485146
platform,106,0,0,0,0,,,Q177749
vision,106,0,0,0,0,,,Q162668
reporting,106,0,0,0,0,,,Q11030
bittorrent,106,0,0,0,0,,,Q133862
room,106,0,0,0,0,,,Q2133296
stylus,106,0,0,0,0,,,Q868239
scrolling,106,0,0,0,0,,,Q181319
operator,106,0,0,0,0,,,Q131030
http-proxy,106,0,0,0,0,,,Q95960780
eclipse,105,0,0,0,0,,,Q82268
proxy-server,105,0,0,0,0,,,Q11189
ldap,105,0,0,0,0,,,Q188816
ecmascript,105,0,0,0,0,,,Q2005
ec2,105,0,0,0,0,,,Q407355
style,105,0,0,0,0,,,Q848002
homeassistant,105,0,0,0,0,,,Q107385652
element-ui,105,0,0,0,0,,,Q605117
binary,105,0,0,0,0,,,Q3913
distributed-computing,105,1,1,1,3,Q180634,,Q180634
webvr,105,0,0,0,0,,,Q22909733
headless,105,0,0,0,0,,,Q1592285
sdl2,105,0,0,0,0,,,Q727439
social-media,105,1,0,0,1,,,Q202833
delphi,105,0,0,0,0,,,Q487378
colors,105,0,0,0,0,,,Q1794704
keras-tensorflow,105,0,0,0,0,,,-1
playbook,105,0,0,0,0,,,Q133916
bootstrap-theme,105,0,0,0,0,,,Q107381076
communication,105,1,0,0,1,,,Q251072
component-library,105,1,0,0,1,,,Q1353814
codeigniter,104,0,0,0,0,,,Q339829
gtk3,104,0,0,0,0,,,Q105702529
ipv6,104,0,0,0,0,,,Q2551624
raspberry-pi-3,104,0,0,0,0,,,Q245
autoencoder,104,0,0,0,0,,,Q786435
prompt,104,0,0,0,0,,,Q1126281
unity3d-plugin,104,0,0,0,0,,,-1
helper,104,0,0,0,0,,,Q2827824
mvp-architecture,104,0,0,0,0,,,-1
extensions,104,0,0,0,0,,,Q785464
ggplot2,103,0,0,0,0,,,Q326489
embeddings,103,1,0,0,1,,,Q18395344
swarm,103,0,0,0,0,,,Q285267
viewpager,103,0,0,0,0,,,-1
smarthome,103,0,0,1,1,,Q848436,Q76164715
decoder,103,0,0,0,0,,,Q745243
spinner,103,0,0,0,0,,,Q4439
ftp,103,1,0,0,1,,,Q42283
artificial-neural-networks,103,1,1,1,3,Q192776,,Q192776
scripts,103,0,0,0,0,,,Q187432
remote-control,103,0,0,0,0,,,Q185091
key-value,103,0,0,0,0,,,Q4818718
collaboration,103,0,0,0,0,,,Q156744
debugging-tool,103,0,0,0,0,,,Q193231
bootstrap3,103,0,0,0,0,,,Q893195
bluetooth-low-energy,102,0,0,0,0,,,Q1638779
polyfill,102,0,0,0,0,,,Q7226317
rdf,102,0,0,0,0,,,Q54872
uitableview,102,0,0,0,0,,,-1
vulnerability,102,1,0,0,1,,,Q631425
apk,102,0,0,0,0,,,Q596391
design-system,102,1,0,0,1,,,Q3750474
homekit,102,0,0,0,0,,,Q45319394
makefile,102,0,0,0,0,,,Q20748783
angular-material,102,0,0,0,0,,,Q473412
hot-reload,102,0,0,0,0,,,Q95968504
scientific-computing,102,1,1,1,3,Q117801,,Q117801
theano,102,0,0,0,0,,,Q7777252
interface,102,1,0,0,1,,,Q23808
desktop-application,101,0,0,0,0,,,Q11320567
stock-market,101,1,1,1,3,Q475000,,Q475000
daemon,101,1,0,0,1,,,Q177413
bot-framework,101,0,0,0,0,,,-1
functions,101,0,0,0,0,,,Q11348
e-commerce,101,1,1,1,3,Q484847,,Q484847
identity,101,0,0,0,0,,,Q254474
role,101,0,0,0,0,,,Q214339
resnet,101,0,0,0,0,,,Q7314904
attention,101,0,0,0,0,,,Q4818205
article,101,0,0,0,0,,,Q103184
openai-gym,101,0,0,0,0,,,Q107381664
bridge,101,0,0,0,0,,,Q23802
unity-editor,100,1,0,0,1,,,-1
tui,100,0,0,0,0,,,Q125142
google-cloud-platform,100,0,0,0,0,,,Q17054505
resume,100,0,0,0,0,,,-1
named-entity-recognition,100,1,1,1,3,Q403574,,Q403574
test-framework,100,1,0,0,1,,,Q1475717
tensorflow-tutorials,100,0,0,0,0,,,-1
atom-package,100,0,0,0,0,,,Q4817198
binance,99,0,0,0,0,,,Q51403327
leetcode,99,0,0,0,0,,,Q1068276
a11y,99,0,0,0,0,,,Q555097
system,99,1,0,0,1,,,Q1
selenium-webdriver,99,0,0,0,0,,,Q18700278
cocoa,99,0,0,0,0,,,Q1051988
malware-analysis,99,1,1,0,2,Q15731404,,Q15731404
launcher,99,0,0,0,0,,,Q15548044
unreal-engine,99,0,0,0,0,,,Q608276
discord-js,99,0,0,0,0,,,-1
clean-code,99,1,0,0,1,,,Q1099360
pip,99,0,0,0,0,,,Q410234
typography,99,1,0,0,1,,,Q37260
spring-cloud,99,0,0,0,0,,,Q62770443
xamarin-android,99,0,0,0,0,,,-1
alfred,98,0,0,0,0,,,Q294392
forum,98,1,0,0,1,,,Q123550
npm-module,98,0,0,0,0,,,Q95961094
chef,98,0,0,0,0,,,Q24479
instrumentation,98,1,0,0,1,,,Q829825
micropython,98,0,0,0,0,,,Q25313489
control,98,1,0,0,1,,,Q11175
export,98,0,0,0,0,,,Q182722
history,98,1,0,0,1,,,Q309
mobile-development,98,1,0,1,2,Q2988038,,Q2988038
registry,98,0,0,0,0,,,Q463244
uicollectionview,97,0,0,0,0,,,-1
openvpn,97,0,0,0,0,,,Q509075
ctf,97,0,0,0,0,,,Q1035213
nix,97,0,0,0,0,,,Q14656
synchronization,97,1,1,0,2,Q650462,,Q650462
alexa,97,0,0,0,0,,,Q28022144
observable,97,0,0,0,0,,,Q845789
github-app,97,0,0,0,0,,,Q82066181
julia-language,97,0,0,0,0,,,Q2613697
rpg,97,0,0,0,0,,,Q160738
user-interface,97,1,1,0,2,Q47146,,Q47146
digitalocean,97,0,0,0,0,,,Q17052116
verification,96,1,0,0,1,,,Q212424
erc20,96,0,0,0,0,,,Q39049892
migration,96,1,0,0,1,,,Q177626
freebsd,96,0,0,0,0,,,Q34236
benchmarking,96,0,0,0,0,,,Q816754
sqlalchemy,96,0,0,0,0,,,Q1092514
usb,96,0,0,0,0,,,Q42378
beginner-friendly,96,0,0,0,0,,,-1
custom-elements,96,0,0,0,0,,,Q18217380
bigdata,96,1,1,0,2,Q858810,Q858810,Q20127748
cloudflare,96,0,0,0,0,,,Q4778915
card,96,0,0,0,0,,,Q142714
openssl,96,0,0,0,0,,,Q1052790
assembler,96,0,0,0,0,,,Q165436
phoenix-framework,95,0,0,0,0,,,Q55629889
scrapy,95,0,0,0,0,,,Q368367
live,95,0,0,0,0,,,Q209939
colorscheme,95,0,0,0,0,,,Q859170
cookie,95,0,0,0,0,,,Q178995
binding,95,0,0,0,0,,,Q510878
hapi,95,0,0,0,0,,,Q32143
progressbar,95,0,0,0,0,,,Q12774669
ibmcode,95,0,0,0,0,,,-1
orchestration,95,0,0,1,1,,,Q2670993
fun,95,0,0,0,0,,,Q1255864
drag,95,0,0,0,0,,,Q46241
transaction,95,0,0,0,0,,,Q327197
rest-client,95,0,0,0,0,,,Q107386159
dqn,95,0,0,0,0,,,Q5371103
glide,95,0,0,0,0,,,Q757410
import,94,0,0,0,0,,,Q62955
commandline,94,1,1,1,3,Q189053,,Q189053
ant-design,94,0,0,0,0,,,Q96255221
microcontroller,94,0,0,0,0,,,Q165678
solr,94,0,0,0,0,,,Q2858103
sinatra,94,0,0,0,0,,,Q657028
google-api,94,0,0,0,0,,,Q5583797
slide,94,0,0,0,0,,,Q334747
tags,94,0,0,0,0,,,Q658349
markdown-editor,94,1,0,0,1,,,Q20762487
3d-graphics,94,1,1,0,2,Q189177,,Q189177
apache-spark,94,0,0,0,0,,,Q7573619
otp,94,0,0,0,0,,,Q150474
latex-template,94,0,0,0,0,,,Q20154825
annotation,94,0,0,0,0,,,Q857525
audio-player,93,1,1,0,2,Q758895,,Q758895
form-validation,93,1,0,0,1,,,-1
enterprise,93,0,0,0,0,,,Q20074
metal,93,0,0,0,0,,,Q11426
epub,93,0,0,0,0,,,Q475488
timeseries,93,1,1,0,2,Q186588,Q186588,Q797100
social,93,0,0,0,0,,,Q345367
yeoman-generator,93,0,0,0,0,,,Q8052438
ascii,93,0,0,0,0,,,Q8815
serial,93,0,0,0,0,,,Q41298
dependencies,93,0,0,0,0,,,Q185086
hex,93,0,0,0,0,,,Q16953
passport,93,0,0,0,0,,,Q43812
speech,93,0,0,0,0,,,Q315
headless-chrome,93,0,0,0,0,,,-1
kubectl,93,0,0,0,0,,,Q84081166
lumen,93,0,0,0,0,,,Q1141325
plot,92,1,1,0,2,Q1474611,Q1474611,Q148571
raspberry,92,0,0,0,0,,,Q13179
command,92,0,0,0,0,,,Q386776
scaffold,92,0,0,0,0,,,Q233320
intellij-plugin,92,0,0,0,0,,,Q21198566
titanium,92,0,0,0,0,,,Q716
tests,92,1,0,0,1,,,Q27318
dictionary,92,0,0,0,0,,,Q80585
movie,92,0,0,0,0,,,Q11424
code-quality,92,1,0,0,1,,,Q1412670
question-answering,92,1,1,1,3,Q1074173,,Q1074173
calculator,92,0,0,0,0,,,Q68
scheme,92,0,0,0,0,,,Q187560
api-server,92,0,0,0,0,,,Q375673
nativescript-plugin,92,1,0,0,1,,,-1
image-manipulation,92,1,1,1,3,Q545981,Q545981,Q8038
plex,92,0,0,0,0,,,Q7204887
jpa,92,0,0,0,0,,,Q908660
linear-regression,91,1,1,0,2,Q10861030,,Q10861030
drone,91,0,0,0,0,,,Q484000
fedora,91,0,0,0,0,,,Q48267
offline-first,91,0,0,0,0,,,Q97375149
build-automation,91,1,0,0,1,,,Q2727468
async-await,91,0,0,0,0,,,Q16245951
remote,91,0,0,0,0,,,Q185091
bert,91,0,0,0,0,,,Q61726893
plotting,91,1,0,0,1,,,Q2557573
ci-cd,91,0,0,0,0,,,Q130778
gitbook,91,0,0,0,0,,,Q95960865
litecoin,91,0,0,0,0,,,Q4043030
injection,91,1,0,0,1,,,Q182003
audit,91,0,0,0,0,,,Q181487
effects,91,0,0,0,0,,,Q926230
point-cloud,91,0,0,0,0,,,Q1899648
gateway,90,0,0,0,0,,,Q53060
lstm-neural-networks,90,0,0,0,0,,,Q6673524
style-transfer,90,0,0,0,0,,,Q64711817
integration-testing,90,1,0,0,1,,,Q782466
hook,90,0,0,0,0,,,Q127124
node-module,90,0,0,0,0,,,Q104636068
grammar,90,0,0,0,0,,,Q8091
ble,90,0,0,0,0,,,Q902025
nvidia,90,0,0,0,0,,,Q182477
spacy,90,0,0,0,0,,,Q28406945
maven-plugin,90,0,0,0,0,,,Q60062042
books,90,0,0,0,0,,,Q571
shopping-cart,90,0,0,0,0,,,Q796894
istio,90,0,0,0,0,,,Q41216599
auth0,90,0,0,0,0,,,Q56072164
bayesian-inference,90,1,1,0,2,Q812535,,Q812535
mining,90,1,1,0,2,Q172491,Q172491,Q44497
retrofit,90,0,0,0,0,,,Q24662
types,90,0,0,0,0,,,Q11250440
pokemon,90,0,0,0,0,,,-1
karma,89,0,0,0,0,,,-1
acl,89,0,0,0,0,,,Q338966
signal-processing,89,1,1,1,3,Q208163,,Q208163
web-scraping,89,1,1,1,3,Q665452,,Q665452
starter-template,89,0,0,0,0,,,-1
logistic-regression,89,1,1,0,2,Q1132755,,Q1132755
opencv-python,89,0,0,0,0,,,Q107382097
transpiler,89,0,0,0,0,,,Q2990416
react-navigation,89,0,0,0,0,,,-1
fuzzing,89,0,0,0,0,,,Q1189053
unreal-engine-4,89,0,0,0,0,,,Q13156652
conversion,89,0,0,0,0,,,Q904756
ionic2,89,0,0,0,0,,,Q189548
grunt,89,0,0,0,0,,,Q5612138
mesos,89,0,0,0,0,,,Q102742
xamarin-ios,89,0,0,0,0,,,-1
event,88,0,0,0,0,,,Q1656682
language-server-protocol,88,0,0,0,0,,,Q30251139
stm32,88,0,0,0,0,,,Q7394773
bitbucket,88,0,0,0,0,,,Q2493781
video-processing,88,1,1,1,3,Q3536669,,Q3536669
share,88,0,0,0,0,,,Q11692
syntax,88,0,0,0,0,,,Q37437
ascii-art,88,0,0,0,0,,,-1
color-picker,88,0,0,0,0,,,Q375580
ip,88,0,0,0,0,,,Q8795
webdriver,88,1,0,0,1,,,Q107384295
linkedin,88,0,0,0,0,,,Q213660
prometheus-exporter,88,0,0,0,0,,,Q107381700
tensorflow-models,88,0,0,0,0,,,Q107383126
game-server,88,1,1,0,2,Q1315933,,Q1315933
bootstrap-template,88,0,0,0,0,,,-1
encoder,88,0,0,0,0,,,Q53699
generative-model,87,1,1,0,2,Q5532625,,Q5532625
enzyme,87,0,0,0,0,,,Q8047
lightning-network,87,0,0,0,0,,,Q30325114
datastructures,87,0,0,0,0,,,Q55739507
development-environment,87,0,0,0,0,,,Q13741
linq,87,0,0,0,0,,,Q595637
listview,87,0,0,0,0,,,Q617162
emscripten,87,0,0,0,0,,,Q2814113
logging-library,87,0,0,0,0,,,Q22003134
mybatis,87,0,0,0,0,,,Q285129
3d-reconstruction,87,1,0,0,1,,,Q4464732
voice,87,0,0,0,0,,,Q7390
browserify,87,0,0,0,0,,,Q22906933
profiling,87,0,0,0,0,,,Q1138496
openstack,87,0,0,0,0,,,Q1470293
netty,87,0,0,0,0,,,Q6107820
hyperledger,87,0,0,0,0,,,Q23680002
algorithmic-trading,87,1,1,1,3,Q139445,,Q139445
chat-application,87,1,1,1,3,Q58199,Q58199,Q586474
persistence,87,0,0,0,0,,,Q368671
vm,87,0,0,0,0,,,Q189401
scaffolding,87,0,0,0,0,,,Q233320
salesforce,86,0,0,0,0,,,Q941127
btc,86,0,0,0,0,,,Q131723
api-rest,86,0,0,0,0,,,Q749568
environment-variables,86,0,0,0,0,,,Q400857
instagram-api,86,0,0,0,0,,,Q107386656
demo-app,86,0,0,0,0,,,Q105103015
twilio,86,0,0,0,0,,,Q7858039
flowtype,86,0,0,0,0,,,Q95960771
emberjs,86,0,0,0,0,,,Q13592527
helm-charts,86,0,0,0,0,,,-1
realm,86,0,0,0,0,,,Q417175
sandbox,86,0,0,0,0,,,Q213454
firewall,86,0,0,0,0,,,Q80998
flutter-widget,86,0,0,0,0,,,-1
store,86,0,0,0,0,,,Q213441
devops-tools,86,0,0,0,0,,,Q25345942
xlsx,86,0,0,0,0,,,Q3570403
design-systems,86,0,0,0,0,,,Q682496
laravel5,86,0,0,0,0,,,Q13634357
ios-ui,86,0,0,0,0,,,-1
mesh,86,0,0,0,0,,,Q199897
deploy,85,0,0,0,0,,,Q1229245
apollographql,85,0,0,0,0,,,Q95963366
seed,85,0,0,0,0,,,Q40763
line,85,0,0,0,0,,,Q37105
scenekit,85,0,0,0,0,,,Q25101008
astronomy,85,1,1,1,3,Q333,,Q333
arch-linux,85,0,0,0,0,,,Q185576
golang-application,85,0,0,0,0,,,Q96419253
torch,85,0,0,0,0,,,Q17087180
eos,85,0,0,0,0,,,Q62944
sentry,85,0,0,0,0,,,Q3478803
couchdb,85,0,0,0,0,,,Q1136882
trading-strategies,85,0,0,0,0,,,Q1574928
parallel-computing,85,1,0,0,1,,,Q232661
virtualization,85,1,1,0,2,Q270471,,Q270471
redux-thunk,85,0,0,0,0,,,Q95959422
stylelint,85,0,0,0,0,,,Q95943488
reader,85,0,0,0,0,,,-1
pose-estimation,85,1,1,0,2,Q4636322,,Q4636322
lazy-loading,85,0,0,0,0,,,Q6506159
static,85,0,0,0,0,,,Q1940914
css-grid,85,0,0,0,0,,,Q42320210
discord-api,85,0,0,0,0,,,Q22907849
phone,85,0,0,0,0,,,Q11035
random-forest,85,1,1,0,2,Q245748,,Q245748
menubar,85,0,0,0,0,,,Q25051686
blender,85,0,0,0,0,,,Q173136
actions,85,0,0,0,0,,,Q234657
clipboard,84,0,0,0,0,,,Q204461
cdn,84,0,0,0,0,,,Q72588
html5-canvas,84,0,0,0,0,,,Q105124253
tooltip,84,0,0,0,0,,,Q1071454
asp-net,84,0,0,0,0,,,Q178817
metaprogramming,84,1,0,0,1,,,Q661075
overlay,84,0,0,0,0,,,Q910289
bugbounty,84,0,0,0,0,,,Q16848759
blog-engine,84,0,0,0,0,,,Q15206305
environment,84,0,0,0,0,,,Q43619
ui-kit,84,0,0,0,0,,,-1
swift-4,84,0,0,0,0,,,Q17118377
thread,84,0,0,0,0,,,Q213092
youtube-dl,84,0,0,0,0,,,Q28401317
nova,84,0,0,0,0,,,Q6458
jira,84,0,0,0,0,,,Q1359246
url-shortener,83,0,0,0,0,,,Q637342
craftcms-plugin,83,0,0,0,0,,,-1
blockchain-technology,83,1,1,1,3,Q20514253,,Q20514253
libraries,83,0,0,0,0,,,Q7075
meetup,83,0,0,0,0,,,Q1625371
twitter-bot,83,0,0,0,0,,,Q3687628
light,83,0,0,0,0,,,Q9128
cats,83,0,0,0,0,,,Q1122211
reactnative,83,0,0,0,0,,,Q55774523
pygame,83,0,0,0,0,,,Q1140252
meteorjs,83,0,0,0,0,,,Q14246221
task,83,0,0,0,0,,,Q759676
datasets,83,0,0,0,0,,,Q1172284
swift-framework,83,0,0,0,0,,,Q25345276
cv,83,0,1,1,2,Q844240,Q844240,-1
sublime-text-3,83,0,0,0,0,,,Q267193
file-manager,83,1,0,0,1,,,Q732970
adapter,82,0,0,0,0,,,Q23836
xss,82,0,0,0,0,,,Q371199
chess,82,1,0,0,1,,,Q718
vertx,82,0,0,0,0,,,Q7922736
jpeg,82,0,0,0,0,,,Q17092932
gaming,82,1,0,0,1,,,Q11410
bytecode,82,0,0,0,0,,,Q837330
zookeeper,82,0,0,0,0,,,Q4778968
posix,82,0,0,0,0,,,Q14658
youtube-api,82,0,0,0,0,,,Q8056784
reactive-streams,82,0,0,0,0,,,Q22342969
pyqt5,82,0,0,0,0,,,Q2382780
challenge,82,0,0,0,0,,,Q1059943
webpack3,82,0,0,0,0,,,Q22909730
analyzer,82,1,0,0,1,,,Q4771248
domain-driven-design,82,0,0,0,0,,,Q524367
bazel,82,0,0,0,0,,,Q25345982
payment-gateway,82,1,0,0,1,,,Q2639241
tex,82,0,0,0,0,,,Q5301
random,82,0,0,0,0,,,Q3418835
assertions,82,0,0,0,0,,,Q17139352
ioc,82,1,0,0,1,,,Q666438
promises,82,0,0,0,0,,,-1
databinding,82,0,0,0,0,,,-1
security-scanner,82,1,0,0,1,,,Q154055
ipad,82,0,0,0,0,,,Q2796
open-data,82,0,0,0,0,,,Q309901
slam,82,0,0,0,0,,,Q20852
entity-component-system,81,0,0,0,0,,,Q17089065
google-chrome,81,0,0,0,0,,,Q777
batch,81,1,0,0,1,,,Q479833
headless-cms,81,0,0,0,0,,,Q48995961
nuxt-module,81,0,0,0,0,,,-1
online,81,0,0,0,0,,,Q73368
movies,81,0,0,0,0,,,Q18155354
mvp-android,81,0,0,0,0,,,-1
dropbox,81,0,0,0,0,,,Q142539
translate,81,0,0,0,0,,,Q7553
highlight,81,0,0,0,0,,,Q5759470
fpga,81,0,0,0,0,,,Q190411
object,81,0,0,0,0,,,Q175026
secure,81,0,0,0,0,,,Q26980826
rbac,81,0,0,0,0,,,Q1702839
streams,81,0,0,0,0,,,Q4048907
opentracing,80,0,0,0,0,,,Q95971091
forensics,80,1,0,0,1,,,Q43504
rich-text-editor,80,0,0,0,0,,,Q8046051
xmpp,80,0,0,0,0,,,Q188951
jamstack,80,0,0,0,0,,,Q57204236
speech-to-text,80,1,1,1,3,Q189436,,Q189436
api-documentation,80,1,0,0,1,,,Q19599380
no-dependencies,80,0,0,0,0,,,Q64830310
update,80,0,0,0,0,,,Q1076005
express-js,80,0,0,0,0,,,Q16878131
project-management,80,0,0,0,0,,,Q179012
love2d,80,0,0,0,0,,,Q3269846
imagenet,80,0,0,0,0,,,Q24901201
google-drive,80,0,0,0,0,,,Q9340
telegram-bot-api,80,0,0,0,0,,,Q27038411
game-2d,80,1,0,0,1,,,Q457500
angular8,80,0,0,0,0,,,Q2849803
esp8266-arduino,80,0,0,0,0,,,-1
utils,80,0,0,0,0,,,Q107384660
openid-connect,79,0,0,0,0,,,Q18385539
performance-analysis,79,1,0,0,1,,,Q1138496
multi-platform,79,0,0,0,0,,,Q174666
cucumber,79,0,0,0,0,,,Q23425
rtmp,79,0,0,0,0,,,Q787012
memcached,79,0,0,0,0,,,Q306661
mpi,79,0,0,0,0,,,Q127879
l10n,79,0,0,0,0,,,Q41271
watch,79,0,0,0,0,,,Q178794
manga,79,0,0,0,0,,,Q8274
ipc,79,0,0,0,0,,,Q374830
tracker,79,1,0,0,1,,,Q383826
pdf-generation,79,1,0,0,1,,,Q104971035
crm,79,1,0,0,1,,,Q485643
akka-http,79,0,0,0,0,,,Q2985605
generative-art,79,0,0,0,0,,,-1
nintendo,79,0,0,0,0,,,Q8093
svm,79,1,1,0,2,Q282453,,Q282453
termux,79,0,0,0,0,,,Q60572759
load-balancer,79,0,1,0,1,,,Q575614
crop,79,0,0,0,0,,,Q214934
modern,79,0,0,0,0,,,Q38166
visualisation,79,1,1,0,2,Q451553,,Q451553
alfred-workflow,79,0,0,0,0,,,-1
dnn,78,1,1,0,2,Q55624999,Q55624999,Q1251148
machine,78,0,0,0,0,,,Q11019
dlang,78,0,0,0,0,,,Q319268
information-retrieval,78,0,1,1,2,Q816826,Q816826,-1
soap,78,0,0,0,0,,,Q34396
nest,78,0,0,0,0,,,Q4785
scalajs,78,0,0,0,0,,,-1
game-dev,78,1,1,1,3,Q1061635,,Q1061635
sdl,78,0,0,0,0,,,Q144175
php-fpm,78,0,0,0,0,,,Q3359692
utility-library,78,0,0,0,0,,,Q2025441
widgets,78,1,0,0,1,,,Q1068192
rxandroid,78,0,0,0,0,,,-1
wikipedia,78,0,0,0,0,,,-1
administration,78,1,0,0,1,,,Q4683408
monero,78,0,0,0,0,,,Q19893485
net,78,1,0,0,1,,,Q75
raspbian,78,0,0,0,0,,,Q890474
blazor,78,0,0,0,0,,,Q60749742
particles,77,0,0,0,0,,,Q59725855
graphql-client,77,0,0,0,0,,,Q95963695
consensus,77,0,0,0,0,,,Q188577
viml,77,0,0,0,0,,,Q29763134
winforms,77,0,0,0,0,,,Q613361
example-project,77,0,0,0,0,,,Q14204246
touch,77,0,0,0,0,,,Q284243
apis,77,0,0,0,0,,,Q102857
soundcloud,77,0,0,0,0,,,Q568769
render,77,0,0,0,0,,,Q176953
replication,77,0,0,0,0,,,Q7314070
openresty,77,0,0,0,0,,,Q86762127
dataviz,77,1,0,0,1,,,Q3427422
scale,77,0,0,0,0,,,Q188488
access-control,77,1,0,0,1,,,Q228502
simd,77,0,0,0,0,,,Q339387
standard,77,0,0,0,0,,,Q317623
clock,77,0,0,0,0,,,Q376
vue-plugin,76,0,0,0,0,,,-1
linux-kernel,76,0,0,0,0,,,Q14579
xgboost,76,0,0,0,0,,,Q23793561
stock,76,0,0,0,0,,,Q909380
elm-lang,76,0,0,0,0,,,Q5366250
handlebars,76,0,0,0,0,,,Q5647472
clone,76,0,0,0,0,,,Q120877
icon,76,0,0,0,0,,,Q132137
sonarqube,76,0,0,0,0,,,Q541691
microservices-architecture,76,1,0,0,1,,,Q18344624
captcha,76,0,0,0,0,,,Q484598
animated,76,0,0,0,0,,,Q11425
full-stack,76,0,0,0,0,,,Q7558983
ipv4,76,0,0,0,0,,,Q28823657
text-to-speech,76,1,1,1,3,Q16346,,Q16346
sorting-algorithms,76,1,1,1,3,Q181593,,Q181593
rpi,76,0,0,0,0,,,Q245
inference,76,0,0,0,0,,,Q408386
dlib,76,0,0,0,0,,,Q3435281
templating,76,0,0,0,0,,,Q12335479
owasp,76,0,0,0,0,,,Q18385319
graphviz,76,0,0,0,0,,,Q260889
install,76,0,0,0,0,,,Q6038648
webservice,75,1,1,0,2,Q193424,,Q193424
spring-data-jpa,75,0,0,0,0,,,-1
tweets,75,0,0,0,0,,,Q5329511
jekyll-themes,75,0,0,0,0,,,-1
query-builder,75,0,0,0,0,,,Q105550739
pascal,75,0,0,0,0,,,Q81571
lightning,75,0,0,0,0,,,Q33741
oidc,75,0,0,0,0,,,Q18385539
protocol-buffers,75,0,0,0,0,,,Q1645574
neuroscience,75,1,1,1,3,Q207011,,Q207011
form-builder,75,0,0,0,0,,,Q10283453
natural-language-understanding,75,1,1,1,3,Q1078276,,Q1078276
setup,75,0,0,0,0,,,Q836862
doctrine,75,0,0,0,0,,,Q117850
unity-3d,75,0,0,0,0,,,Q63966
reproducibility,75,0,0,0,0,,,Q1425625
semantic-ui,75,0,0,0,0,,,Q96276859
probot-app,75,0,0,0,0,,,-1
distributed-tracing,75,0,0,0,0,,,Q951513
luajit,75,0,0,0,0,,,Q41584446
nextcloud,75,0,0,0,0,,,Q25874683
wysiwyg-editor,75,0,0,0,0,,,Q157758
micro-framework,74,0,0,0,0,,,Q158833
audio-processing,74,1,1,1,3,Q2719318,,Q2719318
tutorial-code,74,0,0,0,0,,,Q100324157
quality,74,0,0,0,0,,,Q185957
mysql-database,74,0,0,0,0,,,Q1172362
ffi,74,0,0,0,0,,,Q8441
infinite-scroll,74,0,0,0,0,,,Q6506159
swagger-ui,74,0,0,0,0,,,Q39069667
ebook,74,0,0,0,0,,,-1
renderer,74,0,0,0,0,,,Q100744571
quantitative-finance,74,1,1,0,2,Q335632,,Q335632
super-resolution,74,1,1,0,2,Q440296,,Q440296
css-animations,74,0,0,0,0,,,Q382741
toolbox,74,0,0,0,0,,,Q1501161
diagram,74,0,0,0,0,,,Q843237
shop,74,0,0,0,0,,,Q213441
sse,74,0,0,0,0,,,Q493854
strings,74,0,0,0,0,,,Q709099
ping,74,0,0,0,0,,,Q188876
plotly,74,0,0,0,0,,,Q17146476
zip,74,0,0,0,0,,,Q101761
uploader,74,0,0,0,0,,,Q556823
data-structure,74,1,1,0,2,Q175263,,Q175263
3d-models,74,0,0,0,0,,,Q16911860
aes,74,0,0,0,0,,,Q190746
vulnerabilities,74,0,0,0,0,,,Q40887670
profile,74,0,0,0,0,,,Q1421951
hacktoberfest2019,74,0,0,0,0,,,-1
bower,74,0,0,0,0,,,Q1149165
snapshot,73,0,0,0,0,,,Q208594
documentation-generator,73,0,0,0,0,,,Q2164323
optimization-algorithms,73,1,1,1,3,Q141495,Q141495,Q30589286
textview,73,0,0,0,0,,,-1
toml,73,0,0,0,0,,,Q28449455
hmr,73,0,0,0,0,,,Q3145180
ansible-playbook,73,0,0,0,0,,,-1
fintech,73,0,0,0,0,,,Q16319025
sqlserver,73,0,0,0,0,,,Q215819
monad,73,0,0,0,0,,,Q36468
remote-sensing,73,0,0,0,0,,,Q199687
aframe,73,0,0,0,0,,,Q28135597
schedule,73,0,0,0,0,,,Q221725
imagemagick,73,0,0,0,0,,,Q1047199
hubot,73,0,0,0,0,,,Q584529
sample-app,73,0,0,0,0,,,Q55175903
coredata,73,0,0,0,0,,,Q2146830
chainer,73,0,0,0,0,,,Q34978225
teaching,73,0,0,0,0,,,Q1782301
context,73,0,0,0,0,,,Q196626
ethereum-dapp,73,0,0,0,0,,,-1
traefik,73,0,0,0,0,,,Q96332968
autolayout,73,0,0,0,0,,,-1
recaptcha,73,0,0,0,0,,,Q188054
conference,73,0,0,0,0,,,Q625994
react-native-component,73,0,0,0,0,,,Q95957737
laravel-framework,73,0,0,0,0,,,Q13634357
systemd,73,0,0,0,0,,,Q286124
code-splitting,73,0,0,0,0,,,Q95964807
apps,72,0,0,0,0,,,Q620615
sorting,72,0,0,0,0,,,Q4429373
scripting-language,72,0,0,0,0,,,Q187432
enumeration,72,0,0,0,0,,,Q760170
classifier,72,0,0,0,0,,,Q63153
google-maps-api,72,0,0,0,0,,,Q105856853
file-sharing,72,0,0,0,0,,,Q22666
rstudio,72,0,0,0,0,,,Q4798119
language-model,72,1,1,0,2,Q3621696,,Q3621696
es6-javascript,72,0,0,0,0,,,Q2005
apollo-server,72,0,0,0,0,,,Q105192287
p5js,72,0,0,0,0,,,Q59555213
scipy,72,0,0,0,0,,,Q197492
codegen,72,0,0,0,0,,,Q1061077
rss-reader,72,0,0,0,0,,,Q498267
cryptocurrency-exchanges,72,0,0,0,0,,,Q25401607
ecto,72,0,0,0,0,,,Q5333988
mssql,72,0,0,0,0,,,Q215819
trading-algorithms,72,1,1,1,3,Q139445,,Q139445
json-ld,72,0,0,0,0,,,Q6108942
message-queue,72,0,0,0,0,,,Q1065525
gltf,72,0,0,0,0,,,Q23086174
supervised-learning,72,1,1,1,3,Q334384,,Q334384
mobilenet,72,0,0,0,0,,,-1
angular-2,72,0,0,0,0,,,Q28925578
etcd,72,0,0,0,0,,,Q1142912
libgdx,72,0,0,0,0,,,Q16321264
socks5,72,0,0,0,0,,,Q1061918
pentest-tool,72,0,0,0,0,,,-1
shadowsocks,72,0,0,0,0,,,Q18382753
stream-processing,72,1,1,1,3,Q2006448,,Q2006448
style-guide,72,0,0,0,0,,,Q198614
mastodon,72,0,0,0,0,,,Q27986619
boost,72,0,0,0,0,,,Q893105
testing-framework,72,0,0,0,0,,,Q7705752
pytest,71,0,0,0,0,,,Q28975377
gzip,71,0,0,0,0,,,Q10287816
fullstack,71,0,0,0,0,,,-1
geocoding,71,0,0,0,0,,,Q852595
redis-client,71,0,0,0,0,,,-1
collectionview,71,0,0,0,0,,,-1
sbt-plugin,71,0,0,0,0,,,-1
gatsby-starter,71,0,0,0,0,,,-1
responsive-design,71,0,0,0,0,,,Q420295
gdpr,71,0,0,0,0,,,Q1172506
secrets,71,0,0,0,0,,,-1
graph-database,71,1,1,1,3,Q595971,,Q595971
dns-server,71,0,0,0,0,,,Q41494
learn-to-code,71,0,0,0,0,,,Q93480303
craft3,71,0,0,0,0,,,Q207948
androidx,71,0,0,0,0,,,Q877084
changelog,71,0,0,0,0,,,Q255135
browsersync,71,0,0,0,0,,,Q1189015
tslint,71,0,0,0,0,,,Q95940404
probot,71,0,0,0,0,,,Q3310906
webhooks,71,0,0,0,0,,,Q2553302
sharedpreferences,71,0,0,0,0,,,-1
opendata,71,0,0,0,0,,,Q309901
cython,71,0,0,0,0,,,Q975594
collections,71,0,0,0,0,,,Q2660043
sip,71,0,0,0,0,,,Q10513
ethereum-contract,71,0,0,0,0,,,Q39049892
alpine-linux,71,0,0,0,0,,,Q4033826
recognition,71,0,0,0,0,,,Q3422036
feature-extraction,71,0,0,0,0,,,Q1026626
health,71,0,0,0,0,,,Q12147
gitlab-ci,71,0,0,0,0,,,Q16639197
packages,71,0,0,0,0,,,Q1141665
entity,71,0,0,0,0,,,Q35120
gcc,71,0,0,0,0,,,Q178940
vmware,71,0,0,0,0,,,Q11407
high-availability,71,0,0,0,0,,,Q1622420
help-wanted,70,0,0,0,0,,,Q651276
kotlin-coroutines,70,0,0,0,0,,,-1
path,70,0,0,0,0,,,Q817765
i3,70,0,0,0,0,,,Q1152382
frp,70,0,0,0,0,,,Q263125
spritekit,70,0,0,0,0,,,Q107381282
reagent,70,0,0,0,0,,,Q2356542
comments,70,0,0,0,0,,,-1
engineering,70,1,1,0,2,Q11023,,Q11023
directive,70,0,0,0,0,,,Q326124
publishing,70,0,0,0,0,,,Q3972943
core,70,0,0,0,0,,,Q23595
prototype,70,0,0,0,0,,,Q207977
zabbix,70,0,0,0,0,,,Q136722
easy,70,0,0,0,0,,,Q217699
tableview,70,0,0,0,0,,,-1
dsp,70,0,0,0,0,,,Q106370
performance-testing,70,1,1,0,2,Q104537917,,Q104537917
material-components,70,0,0,0,0,,,Q56147397
firebase-cloud-messaging,70,0,0,0,0,,,Q28455293
angular-components,70,0,0,0,0,,,-1
actor-model,70,0,0,0,0,,,Q344524
puppet,70,0,0,0,0,,,Q168658
embedded-systems,70,1,1,1,3,Q193040,,Q193040
sharing,70,0,0,0,0,,,Q459221
2fa,70,0,0,0,0,,,Q4029768
signature,70,0,0,0,0,,,Q188675
c-plus-plus-11,70,0,0,0,0,,,Q2407
ngx,70,0,0,0,0,,,Q11290413
parcel,69,0,0,0,0,,,Q683595
barcode,69,0,0,0,0,,,Q856
decryption,69,0,0,0,0,,,Q59164233
tesseract,69,0,0,0,0,,,Q945242
language-server,69,0,0,0,0,,,Q342845
travis,69,0,0,0,0,,,Q73134
standalone,69,0,0,0,0,,,Q386197
php-framework,69,0,0,0,0,,,Q48835863
meteor-package,69,0,0,0,0,,,Q16920659
draw,69,0,0,0,0,,,Q41243
nvim,69,0,0,0,0,,,Q28975246
parallax,69,0,0,0,0,,,Q165074
rack,69,0,0,0,0,,,Q144004
enum,69,0,0,0,0,,,Q760170
chatbots,69,0,0,0,0,,,Q870780
uber,69,0,0,0,0,,,Q780442
dll,69,0,0,0,0,,,Q188860
iterm2,69,0,0,0,0,,,Q19880909
cakephp,69,0,0,0,0,,,Q647055
video-streaming,69,1,1,0,2,Q220499,,Q220499
spotify-api,68,0,0,0,0,,,-1
aspnet,68,0,0,0,0,,,Q178817
geo,68,0,0,0,0,,,Q1071
apm,68,0,0,0,0,,,Q375944
services,68,0,0,0,0,,,-1
active-directory,68,0,0,0,0,,,Q55692
autonomous-vehicles,68,1,1,1,3,Q741490,Q741490,-1
eventbus,68,0,0,0,0,,,-1
swoole,68,0,0,0,0,,,-1
kubernetes-operator,68,0,0,0,0,,,Q72711423
functional-reactive-programming,68,0,0,0,0,,,Q5508843
jasmine,68,0,0,0,0,,,Q82014
coursera,68,0,0,0,0,,,Q499962
unittest,68,1,1,0,2,Q907375,,Q907375
mixins,68,0,0,0,0,,,Q75713
nmap,68,0,0,0,0,,,Q623332
gke,68,0,0,0,0,,,Q79913
opengl-es,68,0,0,0,0,,,Q178570
internet,68,0,0,0,0,,,Q75
text-processing,68,1,1,1,3,Q14802672,,Q14802672
todolist,68,0,0,0,0,,,Q105851254
models,68,0,0,0,0,,,Q87524777
json-rpc,68,0,0,0,0,,,Q1164443
lexer,68,1,1,0,2,Q835922,,Q835922
zero-configuration,68,0,0,0,0,,,Q8026879
psr-7,68,0,0,0,0,,,-1
podcast,68,0,0,0,0,,,Q20899
flask-application,68,0,0,0,0,,,Q289281
decoding,68,0,0,0,0,,,Q3704546
image-analysis,68,1,1,1,3,Q860755,,Q860755
bucklescript,68,0,0,0,0,,,-1
unconf,67,0,0,0,0,,,Q28831311
svg-icons,67,0,0,0,0,,,Q95953490
learning-by-doing,67,0,0,0,0,,,Q1602872
cms-framework,67,0,0,0,0,,,Q2059231
color-palette,67,0,0,0,0,,,Q1651940
creative-coding,67,0,0,0,0,,,Q17087654
evolutionary-algorithms,67,1,1,1,3,Q14489129,,Q14489129
jekyll-plugin,67,0,0,0,0,,,-1
woocommerce,67,0,0,0,0,,,Q15855099
medium,67,0,0,0,0,,,Q334265
word-embeddings,67,1,1,0,2,Q18395344,,Q18395344
gist,67,0,0,0,0,,,Q83567
bayesian,67,0,0,0,0,,,Q812535
packagist,67,0,0,0,0,,,Q108311377
admin-template,67,0,0,0,0,,,-1
webscraping,67,1,1,0,2,Q665452,,Q665452
ipython,67,0,0,0,0,,,Q2659957
beginner,67,0,0,0,0,,,Q23759131
eslint-plugin,67,0,0,0,0,,,Q95971854
firebase-authentication,67,0,0,0,0,,,Q60167254
gameboy,67,0,0,0,0,,,Q186437
slideshow,66,0,0,0,0,,,Q604733
graphics-programming,66,0,0,0,0,,,Q28757927
uuid,66,0,0,0,0,,,Q195284
multiplatform,66,0,0,0,0,,,Q174666
appcelerator,66,0,0,0,0,,,Q2309714
annotation-processor,66,0,0,1,1,,,Q28455942
refactoring,66,0,0,0,0,,,Q116877
symfony-component,66,0,0,0,0,,,-1
preview,66,0,0,0,0,,,Q622550
arcgis,66,0,0,0,0,,,Q513297
firebase-realtime-database,66,0,0,0,0,,,Q59909615
security-automation,66,0,0,0,0,,,Q105722811
sftp,66,0,0,0,0,,,Q1126823
graphite,66,0,0,0,0,,,Q5309
collaborative-filtering,66,1,1,0,2,Q94702,,Q94702
datatables,66,0,0,0,0,,,Q97062158
rx,66,0,0,0,0,,,Q3355478
play-framework,66,0,0,0,0,,,Q3392101
anomaly-detection,66,1,1,0,2,Q3560506,,Q3560506
algolia,66,0,0,0,0,,,Q17150241
starter-project,66,0,0,0,0,,,Q98960836
spatial,66,0,0,0,0,,,Q107
shopify,66,0,0,0,0,,,Q7501150
exploitation,66,0,0,0,0,,,Q600571
class,66,0,0,0,0,,,Q18193
websocket-server,66,0,0,0,0,,,Q95961852
test-driven-development,66,0,0,0,0,,,Q950250
inventory,66,0,0,0,0,,,Q815410
nltk,66,0,0,0,0,,,Q1635410
kali-linux,66,0,0,0,0,,,Q8364850
unity2d,65,0,0,0,0,,,Q63966
mit,65,0,0,0,0,,,Q423870
okhttp,65,0,0,0,0,,,Q96279558
typeorm,65,0,0,0,0,,,-1
task-runner,65,0,0,0,0,,,-1
now,65,0,0,0,0,,,Q193168
boot,65,0,0,0,0,,,Q180256
fp,65,0,0,0,0,,,Q193076
autonomous-driving,65,1,1,1,3,Q19835007,,Q19835007
atom-editor,65,0,0,0,0,,,Q16766305
bookmark,65,0,0,0,0,,,Q875110
vgg16,65,0,0,0,0,,,Q414945
interpolation,65,0,0,0,0,,,Q187631
unet,65,0,0,0,0,,,Q36348
trello,65,0,0,0,0,,,Q7838011
mockito,65,0,0,0,0,,,Q1941695
cookiecutter,65,0,0,0,0,,,Q107382245
badge,65,0,0,0,0,,,Q336533
unity-asset,65,0,0,0,0,,,Q105854731
printer,65,0,0,0,0,,,Q82
keylogger,65,0,0,0,0,,,Q309396
cloud-computing,65,1,1,1,3,Q483639,,Q483639
hackerrank,65,0,0,0,0,,,Q20926425
cargo,65,0,0,0,0,,,Q319224
migrations,65,0,0,0,0,,,Q177626
format,65,0,0,0,0,,,Q235557
fuse,65,0,0,0,0,,,Q49909
subscription,65,0,0,0,0,,,Q322948
motion,65,0,0,0,0,,,Q79782
bigquery,65,0,0,0,0,,,Q4904867
csgo,65,0,0,0,0,,,Q842146
rsa,65,0,0,0,0,,,Q181551
unit-test,65,1,1,0,2,Q907375,,Q907375
process,65,0,0,0,0,,,Q205663
xpath,65,0,0,0,0,,,Q16340
customization,64,0,0,0,0,,,Q1000371
uiview,64,0,0,0,0,,,-1
slim,64,0,0,0,0,,,Q2206577
review,64,0,0,0,0,,,Q265158
gans,64,0,0,0,0,,,Q23518627
pusher,64,0,0,0,0,,,Q4127666
blogging,64,0,0,0,0,,,-1
wallpaper,64,0,0,0,0,,,Q191529
constraints,64,0,0,0,0,,,Q85753930
helpers,64,0,0,0,0,,,Q95961297
vuepress,64,0,0,0,0,,,-1
profiler,64,0,0,0,0,,,Q1138496
qemu,64,0,0,0,0,,,Q624699
capture,64,0,0,0,0,,,Q20482
playlist,64,0,0,0,0,,,Q60503119
pyspark,64,0,0,0,0,,,Q107381655
client-side,64,0,0,0,0,,,Q528166
educational,64,0,0,0,0,,,Q1140363
websocket-client,64,0,0,0,0,,,Q107380735
sequence-to-sequence,64,0,0,0,0,,,Q41589189
web-server,64,1,1,0,2,Q11288,,Q11288
composition,64,0,0,0,0,,,Q207628
test-runner,64,0,0,0,0,,,Q2975892
google-apps-script,64,0,0,0,0,,,Q5583799
tokenizer,64,0,0,0,0,,,Q835922
actionscript,63,0,0,0,0,,,Q234657
feature-flags,63,0,0,0,0,,,Q107641317
tts,63,0,0,0,0,,,Q6232
itunes,63,0,0,0,0,,,Q1946001
experimental,63,0,0,0,0,,,Q1384417
zoom,63,0,0,0,0,,,Q220285
aws-ec2,63,0,0,0,0,,,Q107381895
checkbox,63,0,0,0,0,,,Q23544
espresso,63,0,0,0,0,,,Q180289
yolov3,63,0,0,0,0,,,-1
sso,63,0,0,0,0,,,Q568494
intel,63,0,0,0,0,,,Q248
passwords,63,0,0,0,0,,,Q4046521
hardening,63,0,0,0,0,,,Q779974
gnome-shell,63,0,0,0,0,,,Q1343860
dicom,63,0,0,0,0,,,Q81095
sketch-app,63,0,0,0,0,,,-1
adminlte,63,0,0,0,0,,,Q893195
temperature,63,0,0,0,0,,,Q11466
service-discovery,63,0,0,0,0,,,Q4329404
db,63,0,0,0,0,,,Q1232
eth,63,0,0,0,0,,,Q11942
ansi,63,0,0,0,0,,,Q180003
wireless,63,0,0,0,0,,,Q249
visual,63,0,0,0,0,,,Q162668
release,63,0,0,0,0,,,Q2031291
gplv3,63,0,0,0,0,,,Q7603
shell-scripts,63,0,0,0,0,,,Q959549
vae,63,0,0,0,0,,,Q303610
photo,63,0,0,0,0,,,Q11633
densenet,63,0,0,0,0,,,-1
credit-card,63,0,0,0,0,,,Q161380
google-sheets,63,0,0,0,0,,,Q46261310
placeholder,62,0,0,0,0,,,Q4595685
experiment,62,0,0,0,0,,,Q101965
dot-net,62,0,0,0,0,,,Q31835
osdev,62,0,0,0,0,,,Q11307187
postcss-plugin,62,0,0,0,0,,,Q95969723
mock-server,62,0,0,0,0,,,Q18612496
disassembler,62,0,0,0,0,,,Q279650
terminal-based,62,0,0,0,0,,,Q2065466
draggable,62,0,0,0,0,,,Q46241
network-monitoring,62,1,1,1,3,Q1965787,,Q1965787
faster-rcnn,62,0,0,0,0,,,-1
customview,62,0,0,0,0,,,-1
jni,62,0,0,0,0,,,Q168492
httpclient,62,0,0,0,0,,,Q28916266
minimalist,62,0,0,0,0,,,Q808116
ibm-cloud,62,0,0,0,0,,,Q17092228
cypress,62,0,0,0,0,,,Q138044
voip,62,0,0,0,0,,,Q81945
xcode9,62,0,0,0,0,,,Q250328
variational-autoencoder,62,1,1,1,3,Q107300377,,Q107300377
bundler,62,0,0,0,0,,,Q5477902
elk,62,0,0,0,0,,,Q35517
flutter-ui,62,0,0,0,0,,,-1
hashing,62,0,0,0,0,,,Q183427
error-monitoring,62,0,0,0,0,,,Q471748
document,62,0,0,0,0,,,Q49848
webaudio,62,0,0,0,0,,,-1
ner,62,0,0,0,0,,,Q403574
jinja2,62,0,0,0,0,,,Q4041851
journalism,62,0,0,0,0,,,Q11030
object-oriented,62,1,1,0,2,Q79872,,Q79872
pull-requests,62,0,0,0,0,,,Q68712963
micro,62,0,0,0,0,,,Q154121
content,62,0,0,0,0,,,Q1260632
lodash,62,0,0,0,0,,,Q24033787
tkinter,62,0,0,0,0,,,Q173871
image-viewer,62,0,0,0,0,,,Q860676
fake,62,0,0,0,0,,,Q1393653
transform,61,0,0,0,0,,,Q7834066
pipe,61,0,0,0,0,,,Q41453
knowledge-graph,61,1,1,0,2,Q33002955,,Q33002955
tiny,61,0,0,0,0,,,Q138621
hyperledger-fabric,61,0,0,0,0,,,-1
databases,61,1,1,1,3,Q8513,Q8513,Q107383511
boilerplate-template,61,0,0,0,0,,,Q1651672
hyper,61,0,0,0,0,,,Q11326095
google-calendar,61,0,0,0,0,,,Q223563
avr,61,0,0,0,0,,,Q118
pixel-art,61,0,0,0,0,,,Q96139286
version-control,61,0,0,0,0,,,Q925385
specification,61,0,0,0,0,,,Q2101564
autocompletion,61,0,0,0,0,,,Q749875
qa,61,0,0,0,0,,,Q43117
openframeworks,61,0,0,0,0,,,Q7095789
phonegap,61,0,0,0,0,,,Q1704018
transport,61,0,0,0,0,,,Q7590
python27,61,0,0,0,0,,,Q599384
pathfinding,61,0,0,0,0,,,Q1969601
tomcat,61,0,0,0,0,,,Q507430
terraform-module,61,0,0,0,0,,,-1
content-management,61,0,0,0,0,,,Q131093
security-hardening,61,0,0,0,0,,,Q978423
imap,61,0,0,0,0,,,Q166936
mapbox,61,0,0,0,0,,,Q17068357
serverless-plugin,61,0,0,0,0,,,-1
modeling,61,0,0,0,0,,,Q3317838
action-recognition,61,1,1,1,3,Q4677630,Q4677630,-1
repository-pattern,61,0,0,0,0,,,Q1197736
lock,61,0,0,0,0,,,Q105731
semi-supervised-learning,61,1,1,1,3,Q1041418,,Q1041418
recon,61,0,0,0,0,,,Q7276292
hashicorp,60,0,0,0,0,,,Q21463167
fish-shell,60,0,0,0,0,,,Q307263
playframework,60,0,0,0,0,,,Q3392101
bem,60,0,0,0,0,,,Q390610
workers,60,0,0,0,0,,,-1
tensorflow-examples,60,0,0,0,0,,,-1
trade,60,0,0,0,0,,,Q601401
biology,60,0,0,0,0,,,Q420
wp-cli,60,0,0,0,0,,,-1
d,60,0,0,0,0,,,Q40603
university,60,0,0,0,0,,,Q3918
settings,60,0,0,0,0,,,Q18357227
buffer,60,0,0,0,0,,,Q208465
cpp-library,60,0,0,0,0,,,Q741235
load-testing,60,0,0,0,0,,,Q4311799
linting,60,0,0,0,0,,,Q45108
telegram-api,60,0,0,0,0,,,Q15616276
cad,60,0,0,0,0,,,Q83570
onnx,60,0,0,0,0,,,Q55080116
alamofire,60,0,0,0,0,,,-1
client-library,60,0,0,0,0,,,Q917445
jonschlinkert,60,0,0,0,0,,,Q95955230
virtual-dom,60,0,0,0,0,,,Q104880132
bsd,60,0,0,0,0,,,Q34264
session,60,0,0,0,0,,,Q932410
reference,60,0,0,0,0,,,Q1713
x11,60,0,0,0,0,,,Q178481
phpstorm,60,0,0,0,0,,,Q1786113
asp-net-mvc,60,0,0,0,0,,,Q581643
zeit,60,0,0,0,0,,,Q11471
machine-translation,60,1,1,1,3,Q79798,,Q79798
recyclerview-adapter,60,0,0,0,0,,,-1
ios-animation,60,0,0,0,0,,,Q96417649
evaluation,60,0,0,0,0,,,Q27318
cncf,60,0,0,0,0,,,Q24635933
adb,60,0,0,0,0,,,Q188822
io,60,0,0,0,0,,,Q3123
dcgan,60,0,0,0,0,,,Q97159636
hexo,60,0,0,0,0,,,Q18048281
facebook-api,60,0,0,0,0,,,Q25104949
semantic,60,0,0,0,0,,,Q39645
docker-registry,60,0,0,0,0,,,Q60023707
trace,60,0,0,0,0,,,Q39001
note-taking,60,0,0,0,0,,,Q5155929
chemistry,60,0,0,0,0,,,Q2329
quantum-computing,60,1,1,1,3,Q176555,,Q176555
retro,60,0,0,0,0,,,Q17717064
errors,60,0,0,0,0,,,Q3732599
convolutional-networks,59,1,1,1,3,Q17084460,,Q17084460
gutenberg,59,0,0,0,0,,,Q22673
error,59,0,0,0,0,,,Q29485
market-data,59,0,0,0,0,,,Q3036837
ember-cli,59,0,0,0,0,,,-1
incident-response,59,0,0,0,0,,,Q349987
hacker-news,59,0,0,0,0,,,Q66303056
procedural,59,0,0,0,0,,,Q936044
chinese,59,0,0,0,0,,,Q7850
poc,59,0,0,0,0,,,Q1201019
crawling,59,0,0,0,0,,,Q1411725
cd,59,0,0,0,0,,,Q7982
image-generation,59,1,1,1,3,Q17118711,Q17118711,-1
crash-reporting,59,0,0,0,0,,,Q3650251
dht,59,0,0,0,0,,,Q411054
pool,59,0,0,0,0,,,Q1501
react-native-web,59,0,0,0,0,,,-1
videos,59,0,0,0,0,,,Q34508
totp,59,0,0,0,0,,,Q166066
graphql-api,59,0,0,0,0,,,Q25104949
counter,59,0,0,0,0,,,Q247299
automl,59,1,1,0,2,Q43967068,,Q43967068
healthcare,59,0,0,0,0,,,Q31207
nes,59,0,0,0,0,,,Q172742
packaging,59,0,0,0,0,,,Q207822
iam,59,0,0,0,0,,,Q977772
actors,59,0,0,0,0,,,Q18148255
interview-preparation,59,0,0,0,0,,,-1
chatops,59,0,0,0,0,,,-1
flex,59,0,0,0,0,,,Q212794
android-architecture-components,59,0,0,0,0,,,-1
filters,59,0,0,0,0,,,Q876650
gin,59,0,0,0,0,,,Q80680
visualizer,59,0,0,0,0,,,Q675893
awesome-lists,59,0,0,0,0,,,-1
obfuscation,59,0,0,0,0,,,Q2616305
peer-reviewed,59,0,0,0,0,,,Q737498
statsd,59,0,0,0,0,,,Q107383204
imgui,59,0,0,0,0,,,Q39049594
avatar,59,0,0,0,0,,,Q24871
tooling,59,0,0,0,0,,,Q97467327
nlu,59,1,1,1,3,Q33742,,Q33742
xiaomi,59,0,0,0,0,,,Q1636958
ncurses,59,0,0,0,0,,,Q310974
cicd,59,0,0,0,0,,,Q62659316
room-persistence-library,59,0,0,0,0,,,-1
resize,59,0,0,0,0,,,Q306401
comparison,59,0,0,0,0,,,Q577714
bookmarks,58,0,0,0,0,,,Q875110
fabric,58,0,0,0,0,,,Q28823
animation-library,58,0,0,0,0,,,Q100770934
swing,58,0,0,0,0,,,Q123704
activity,58,0,0,0,0,,,Q317949
arm64,58,0,0,0,0,,,Q18384745
butterknife,58,0,0,0,0,,,Q2561443
extract,58,0,0,0,0,,,Q844704
minecraft-server,58,0,0,0,0,,,Q85851440
typescript-library,58,0,0,0,0,,,Q56185919
dotnet-framework,58,0,0,0,0,,,Q5289
project-template,58,0,0,0,0,,,Q8080139
stylesheets,58,0,0,0,0,,,Q46441
keras-neural-networks,58,0,0,0,0,,,Q28470421
diy,58,0,0,0,0,,,Q26384
kubernetes-deployment,58,0,0,0,0,,,-1
slackbot,58,0,0,0,0,,,-1
admin-panel,58,0,0,0,0,,,-1
unity-scripts,58,0,0,0,0,,,Q56355606
multilingual,58,0,0,0,0,,,Q30081
lists,58,0,0,0,0,,,Q13406463
fcm,58,0,0,0,0,,,Q11198969
acme,58,0,0,0,0,,,Q341970
picture,58,0,0,0,0,,,Q125191
hosting,58,0,0,0,0,,,Q35805
python-2,58,0,0,0,0,,,Q28865
signalr,58,0,0,0,0,,,Q7512622
i2c,58,0,0,0,0,,,Q750469
saas,58,0,0,0,0,,,Q671488
kotlin-multiplatform,58,0,0,0,0,,,-1
mp4,58,0,0,0,0,,,Q336316
discordapp,58,0,0,0,0,,,Q22907849
solver,58,0,0,0,0,,,Q1966904
formatting,58,0,0,0,0,,,Q2407816
applescript,58,0,0,0,0,,,Q129137
feature-engineering,58,1,1,1,3,Q22245680,,Q22245680
chartjs,58,0,0,0,0,,,Q83624620
tv,58,0,0,0,0,,,Q8075
edge,58,0,0,0,0,,,Q26382
gesture,58,0,0,0,0,,,Q371174
phantomjs,58,0,0,0,0,,,Q20712371
gatsby-plugin,58,0,0,0,0,,,Q95972691
minify,58,0,0,0,0,,,Q107384361
base64,58,0,0,0,0,,,Q726780
apache2,58,0,0,0,0,,,Q11354
nfc,58,0,0,0,0,,,Q273353
aarch64,57,0,0,0,0,,,Q18384745
aws-sdk,57,0,0,0,0,,,Q107380742
handler,57,0,0,0,0,,,Q1205349
xposed,57,0,0,0,0,,,Q8044988
text-generation,57,1,1,1,3,Q1513879,,Q1513879
mouse,57,0,0,0,0,,,Q7987
hive,57,0,0,0,0,,,Q1399188
graphql-schema,57,0,0,0,0,,,Q95963328
cookies,57,0,0,0,0,,,Q178995
range,57,0,0,0,0,,,Q46831
gradient-descent,57,0,0,0,0,,,Q1199743
oh-my-zsh,57,0,0,0,0,,,-1
assistant,57,0,0,0,0,,,Q4808945
dependency-manager,57,0,0,1,1,,,Q1652973
aiohttp,57,0,0,0,0,,,Q28941607
emotion-recognition,57,1,1,0,2,Q1339090,,Q1339090
gnome-shell-extension,57,0,0,0,0,,,Q89104087
mirror,57,0,0,0,0,,,Q35197
quickstart,57,0,0,0,0,,,Q7271678
vulnerability-scanners,57,0,0,0,0,,,Q283770
reinforcement-learning-algorithms,57,0,0,0,0,,,Q65079156
report,57,0,0,0,0,,,Q2145107
mmorpg,57,0,0,0,0,,,Q175173
home-assistant-config,57,0,0,0,0,,,-1
security-vulnerability,57,0,0,0,0,,,Q631425
postman,57,0,0,0,0,,,Q2697054
japanese,57,0,0,0,0,,,-1
stocks,57,0,0,0,0,,,Q1484064
voxel,56,0,0,0,0,,,Q663554
ndk,56,0,0,0,0,,,Q1088164
cocoapod,56,0,0,0,0,,,Q16247893
onboarding,56,0,0,0,0,,,Q7091744
rating,56,0,0,0,0,,,Q105955
sockets,56,0,0,0,0,,,Q1061918
sensors,56,0,0,0,0,,,Q167676
reconnaissance,56,0,0,0,0,,,Q251741
trie,56,0,0,0,0,,,Q387015
matrix-factorization,56,1,1,0,2,Q1361088,,Q1361088
graph-neural-networks,56,1,1,1,3,Q107750691,Q107750691,-1
reason,56,0,0,0,0,,,Q178354
spm,56,0,0,0,0,,,Q220193
regexp,56,0,0,0,0,,,Q185612
gym,56,0,0,0,0,,,Q14092
countries,56,0,0,0,0,,,Q96195990
craft,56,0,0,0,0,,,Q1294755
learn,56,0,0,0,0,,,Q1026367
rat,56,0,0,0,0,,,Q612694
dagger,56,0,0,0,0,,,Q182780
wireguard,56,0,0,0,0,,,Q66301878
mobile-web,56,0,0,0,0,,,Q1043805
pytorch-tutorial,56,0,0,0,0,,,Q47509047
php-extension,56,0,0,0,0,,,Q1536136
feedback,56,0,0,0,0,,,Q183635
bootstrap5,56,0,0,0,0,,,Q893195
androidstudio,56,0,0,0,0,,,Q13233410
semver,56,0,0,0,0,,,Q48029236
mozilla,56,0,0,0,0,,,Q698
adobe,56,0,0,0,0,,,Q11463
ios-lib,56,0,0,0,0,,,-1
fastlane,56,0,0,0,0,,,Q28598822
cloud-foundry,56,0,0,0,0,,,Q5135664
es7,55,0,0,0,0,,,Q18031293
packets,55,0,0,0,0,,,Q214111
netflix,55,0,0,0,0,,,Q907311
php71,55,0,0,0,0,,,Q59
erp,55,0,0,0,0,,,Q618678
tty,55,0,0,0,0,,,Q66196
graalvm,55,0,0,0,0,,,Q16928072
push,55,0,0,0,0,,,Q1150477
bruteforce,55,0,0,0,0,,,Q850362
service-mesh,55,0,0,0,0,,,Q88265704
tap,55,0,0,0,0,,,Q244475
distributed-ledger,55,0,0,0,0,,,Q25110971
modding,55,0,0,0,0,,,Q444882
two-factor-authentication,55,0,0,0,0,,,Q17086335
vanilla,55,0,0,0,0,,,Q13241
typeface,55,0,0,0,0,,,Q17451
q-learning,55,1,1,1,3,Q2664563,,Q2664563
charting-library,55,0,0,0,0,,,Q42346825
texture,55,0,0,0,0,,,Q114817
version,55,0,0,0,0,,,Q3331189
loading-animations,55,0,0,0,0,,,-1
stl,55,0,0,0,0,,,Q741235
avro,55,0,0,0,0,,,Q300179
exceptions,55,0,0,0,0,,,Q95954132
webcam,55,0,0,0,0,,,Q29576
performance-monitoring,55,0,0,0,0,,,Q7098880
color-theme,55,0,0,0,0,,,Q105856201
hacktoberfest2018,55,0,0,0,0,,,-1
ecommerce-platform,55,1,1,1,3,Q61087512,,Q61087512
sparql,55,0,0,0,0,,,Q54871
addons,55,0,0,0,0,,,Q184148
zipkin,55,0,0,0,0,,,Q107385676
raft,55,0,0,0,0,,,Q200433
symfony-application,55,0,0,0,0,,,Q1322933
tree-structure,55,0,0,0,0,,,Q223655
finite-state-machine,55,0,0,0,0,,,Q176452
melpa,55,0,0,0,0,,,Q6813577
gmail,55,0,0,0,0,,,Q9334
background,55,0,0,0,0,,,Q549497
jit,55,0,0,0,0,,,Q110546
information-gathering,55,0,0,0,0,,,Q1038838
information-extraction,55,1,1,1,3,Q1662562,,Q1662562
grid-layout,55,0,0,0,0,,,Q42320210
sublime,55,0,0,0,0,,,Q267193
vulnerability-detection,55,1,1,1,3,Q6880649,,Q6880649
dotenv,55,0,0,0,0,,,Q95959435
text-analysis,55,1,1,1,3,Q67224805,,Q67224805
archive,55,0,0,0,0,,,Q166118
invoice,54,0,0,0,0,,,Q190581
optical-flow,54,0,0,0,0,,,Q736111
speed,54,0,0,0,0,,,Q420643
pod,54,0,0,0,0,,,Q288666
brasil,54,0,0,0,0,,,Q899371
semantic-web,54,1,1,1,3,Q54837,,Q54837
panel,54,0,0,0,0,,,Q55439
minecraft-mod,54,0,0,0,0,,,Q22906953
food,54,0,0,0,0,,,Q2095
aws-cloudformation,54,0,0,0,0,,,Q107381911
patterns,54,0,0,0,0,,,Q7148404
discovery,54,0,0,0,0,,,Q508593
webp,54,0,0,0,0,,,Q683670
tetris,54,0,0,0,0,,,Q71910
express-middleware,54,0,0,0,0,,,Q95960911
ar,54,0,0,0,0,,,Q696
generic,54,0,0,0,0,,,Q12728894
webframework,54,0,0,0,0,,,Q1330336
redteam,54,0,0,0,0,,,-1
registration,54,0,0,0,0,,,Q1931960
compliance,54,0,0,0,0,,,Q626741
accounting,54,0,0,0,0,,,-1
filemanager,54,0,0,0,0,,,Q732970
shortcuts,54,0,0,0,0,,,Q30602204
mdx,54,0,0,0,0,,,Q1771973
deserialization,54,0,0,0,0,,,Q1127410
pcap,54,0,0,0,0,,,Q285459
mattermost,54,0,0,0,0,,,Q55478510
flash,54,0,0,0,0,,,Q120371
wsl,54,0,0,0,0,,,Q137853
cisco,54,0,0,0,0,,,Q173395
html-parser,54,0,0,0,0,,,Q107383928
storyboard,54,0,0,0,0,,,Q334667
docx,54,0,0,0,0,,,Q3033641
openmp,54,0,0,0,0,,,Q496579
rtl,54,0,0,0,0,,,Q173464
forge,54,0,0,0,0,,,Q40558
sqs,54,0,0,0,0,,,Q26240
paas,54,0,0,0,0,,,Q1153767
directory,54,0,0,0,0,,,Q201456
oss,54,0,0,0,0,,,Q307989
callback,54,0,0,0,0,,,Q1027184
fuzzy-search,53,0,0,0,0,,,Q60461143
shellcode,53,0,0,0,0,,,Q1152477
circuit-breaker,53,0,0,0,0,,,Q211058
reducer,53,0,0,0,0,,,Q216830
circle,53,0,0,0,0,,,Q2013644
gpg,53,0,0,0,0,,,Q223204
neovim-plugin,53,0,0,0,0,,,-1
protractor,53,0,0,0,0,,,Q204984
tasks,53,0,0,0,0,,,Q86919425
neural-machine-translation,53,1,1,1,3,Q25053937,,Q25053937
deep,53,0,0,0,0,,,Q950734
type-safety,53,0,0,0,0,,,Q736866
car,53,0,0,0,0,,,Q1420
updater,53,0,0,0,0,,,Q208218
paypal,53,0,0,0,0,,,Q483959
ghost,53,0,0,0,0,,,Q45529
domain,53,0,0,0,0,,,Q32635
heatmap,53,0,0,0,0,,,Q1140423
message,53,0,0,0,0,,,Q133492
protection,53,0,0,0,0,,,Q4189076
bare-metal,53,0,0,0,0,,,Q808049
data-processing,53,1,1,1,3,Q750843,,Q750843
dfir,53,0,0,0,0,,,Q29727567
cas,53,0,0,0,0,,,Q10464
prototyping,53,0,0,0,0,,,Q207977
joomla,53,0,0,0,0,,,Q13167
free-software,53,0,0,0,0,,,Q3945717
elixir-phoenix,53,0,0,0,0,,,-1
linked-data,53,0,0,0,0,,,Q515701
tagging,53,0,0,0,0,,,Q1271424
password-generator,53,0,0,0,0,,,Q7291984
sketchapp,53,0,0,0,0,,,-1
quiz,53,0,0,0,0,,,-1
series,53,0,0,0,0,,,Q170198
segment,53,0,0,0,0,,,Q166154
photography,53,0,0,0,0,,,Q11633
natural-language,53,0,0,0,0,,,Q33742
web-api,53,0,0,0,0,,,Q557770
kalman-filter,53,1,1,0,2,Q846780,,Q846780
rsync,53,0,0,0,0,,,Q283774
cnn-keras,53,0,0,0,0,,,-1
highlighting,52,0,0,0,0,,,Q65044042
lerna,52,0,0,0,0,,,Q3808877
javascript-framework,52,0,0,0,0,,,Q783866
fingerprint,52,0,0,0,0,,,Q178022
telemetry,52,0,0,0,0,,,Q209867
angular9,52,0,0,0,0,,,Q2849803
git-hooks,52,0,0,0,0,,,Q107386695
bittrex,52,0,0,0,0,,,Q414815
iot-platform,52,1,1,0,2,Q65647244,,Q65647244
edittext,52,0,0,0,0,,,-1
winapi,52,0,0,0,0,,,Q828191
prisma,52,0,0,0,0,,,Q180544
rpc-framework,52,0,0,0,0,,,Q62270
recommendation-system,52,1,1,1,3,Q554950,,Q554950
verilog,52,0,0,0,0,,,Q827773
status,52,0,0,0,0,,,Q189970
payload,52,0,0,0,0,,,Q228751
sql-query,52,0,0,0,0,,,Q47607
aop,52,0,0,0,0,,,Q30267
user-management,52,0,0,0,0,,,Q12770957
stackoverflow,52,0,0,0,0,,,Q549037
clickhouse,52,0,0,0,0,,,Q27825826
backdoor,52,0,0,0,0,,,Q254569
sidebar,52,0,0,0,0,,,Q828312
personal-website,52,0,0,0,0,,,Q2737701
merge,52,0,0,0,0,,,Q1921621
timezone,52,0,0,0,0,,,Q12143
appium,52,0,0,0,0,,,Q27208114
vk,52,0,0,0,0,,,Q116933
kubernetes-setup,52,0,0,0,0,,,-1
cart,52,0,0,0,0,,,Q234668
subtitles,52,0,0,0,0,,,Q204028
rails5,52,0,0,0,0,,,Q190478
content-management-system,52,1,1,1,3,Q45211,,Q45211
package-management,52,1,1,1,3,Q891055,,Q891055
sitemap,52,0,0,0,0,,,Q1343954
portal,52,0,0,0,0,,,Q101659
action,52,0,0,0,0,,,Q270948
indexing,52,0,0,0,0,,,Q1661153
star,52,0,0,0,0,,,Q523
arxiv,52,0,0,0,0,,,Q118398
evm,52,0,0,0,0,,,Q733221
nodemcu,52,0,0,0,0,,,Q19729219
mvc-framework,52,0,0,0,0,,,Q44860
dynamic-programming,52,0,0,0,0,,,Q380679
fontawesome,52,0,0,0,0,,,Q19571791
retrogaming,52,0,0,0,0,,,-1
tornado,52,0,0,0,0,,,Q8081
world-of-warcraft,52,0,0,0,0,,,Q131007
ids,51,0,0,0,0,,,Q745881
brazil,51,0,0,0,0,,,-1
cloudwatch,51,0,0,0,0,,,Q456090
reactivex,51,0,0,0,0,,,Q30671710
tcp-server,51,1,1,0,2,Q42283,,Q42283
mapper,51,0,0,0,0,,,Q849609
agile,51,0,0,0,0,,,Q30232
meta,51,0,0,0,0,,,Q180160
representation-learning,51,1,1,0,2,Q17013334,,Q17013334
songs,51,0,0,0,0,,,Q7366
ripple,51,0,0,0,0,,,Q586117
waf,51,0,0,0,0,,,Q1330336
i3wm,51,0,0,0,0,,,Q1652973
minikube,51,0,0,0,0,,,Q100151433
preferences,51,0,0,0,0,,,Q18357227
rcpp,51,0,0,0,0,,,Q66367582
webextensions,51,0,0,0,0,,,Q47904718
knn,51,0,0,0,0,,,Q1071612
appstore,51,0,0,0,0,,,Q368215
honeypot,51,0,0,0,0,,,Q911932
sql-injection,51,0,0,0,0,,,Q506059
rate-limiting,51,0,0,0,0,,,Q3420050
cloud-storage,51,0,0,0,0,,,Q914359
scheduling,51,0,0,0,0,,,Q374638
dark,51,0,0,0,0,,,Q204170
gitops,51,0,0,0,0,,,-1
build-system,51,0,0,0,0,,,Q1362142
hoc,51,0,0,0,0,,,Q133500
solutions,51,0,0,0,0,,,Q5447188
sqlite-database,51,0,0,0,0,,,Q105852081
dialogflow,51,0,0,0,0,,,Q7574357
apns,51,0,0,0,0,,,Q2984643
jwt-token,51,0,0,0,0,,,Q22284678
identityserver4,51,0,0,0,0,,,-1
hybrid,51,0,0,0,0,,,Q42621
window-manager,51,0,0,0,0,,,Q216653
kotlin-dsl,51,0,0,0,0,,,-1
github-page,51,0,0,0,0,,,Q30324817
pattern,51,0,0,0,0,,,Q181156
coroutine,51,0,0,0,0,,,Q1339231
jenkins-plugin,51,0,0,0,0,,,-1
technical-analysis,51,0,0,0,0,,,Q235038
data-binding,51,1,1,0,2,Q3293547,,Q3293547
stub,51,0,0,0,0,,,Q510150
adblock,51,0,0,0,0,,,Q867758
thrift,51,0,0,0,0,,,Q21036
thumbnails,51,0,0,0,0,,,Q873806
toolbar,51,0,0,0,0,,,Q371434
mpv,51,0,0,0,0,,,Q223189
imageview,50,0,0,0,0,,,Q108113365
eosio,50,0,0,0,0,,,Q47494147
nomad,50,0,0,0,0,,,Q540868
front-end-development,50,0,0,0,0,,,Q4130556
keycloak,50,0,0,0,0,,,Q42916195
chromecast,50,0,0,0,0,,,Q14253532
adobe-air,50,0,0,0,0,,,Q360310
props,50,0,0,0,0,,,Q10614559
nette,50,0,0,0,0,,,Q12040790
curated-list,50,0,0,0,0,,,Q16246210
google-cloud-storage,50,0,0,0,0,,,Q4605228
jenkins-pipeline,50,0,0,0,0,,,-1
firebase-storage,50,0,0,0,0,,,Q60021770
pastebin,50,0,0,0,0,,,Q938892
auto,50,0,0,0,0,,,Q1420
developer,50,0,0,0,0,,,Q949232
jekyll-site,50,0,0,0,0,,,Q17067385
computational-biology,50,1,1,1,3,Q177005,,Q177005
magic,50,0,0,0,0,,,Q45732
aot,50,0,0,0,0,,,Q409075
kafka-streams,50,0,0,0,0,,,Q16235208
html-css,50,0,0,0,0,,,Q46441
jsdoc,50,0,0,0,0,,,Q2089685
practice,50,0,0,0,0,,,Q334600
rna-seq,50,1,1,1,3,Q2542347,,Q2542347
completion,50,0,0,0,0,,,Q749875
dex,50,0,0,0,0,,,Q3817722
discordjs,50,0,0,0,0,,,-1
gh-pages,50,0,0,0,0,,,Q1076355
ava,50,0,0,0,0,,,Q166247
signal,50,0,0,0,0,,,Q174984
scanning,50,0,0,0,0,,,-1
terminal-emulators,50,0,0,1,1,,,Q1071233
make,50,0,0,0,0,,,Q7886333
tensor,50,0,0,0,0,,,Q188524
software,50,0,0,0,0,,,Q7397
address,50,0,0,0,0,,,Q319608
generate,50,0,0,0,0,,,Q5532547
media-player,50,0,0,1,1,,,Q192527
foss,50,0,0,0,0,,,Q506883
coin,50,0,0,0,0,,,Q41207
indicator,50,0,0,0,0,,,Q127105
lifecycle,50,0,0,0,0,,,Q513359
oauth2-server,50,0,0,0,0,,,-1
convert,50,0,0,0,0,,,Q2603777
instant-messaging,50,1,1,0,2,Q58199,,Q58199
jsonapi,50,0,0,0,0,,,Q28758133
rendering-engine,50,1,1,0,2,Q373442,,Q373442
interoperability,50,0,0,0,0,,,Q749647
faker,50,0,0,0,0,,,Q774583
hackintosh,49,0,0,0,0,,,Q1054357
fluentd,49,0,0,0,0,,,Q22096657
interview-practice,49,0,0,0,0,,,-1
lsp,49,0,0,0,0,,,Q464590
unmaintained,49,0,0,0,0,,,Q85376295
server-sent-events,49,0,0,0,0,,,Q7455583
shortcut,49,0,0,0,0,,,Q118470
cvpr2019,49,0,0,0,0,,,Q100875205
ingress,49,0,0,0,0,,,Q63352
aws-cli,49,0,0,0,0,,,Q50560420
spring-data,49,0,0,0,0,,,Q7392646
todomvc,49,0,0,0,0,,,Q105103619
hcl2,49,0,0,0,0,,,Q18026842
combine,49,0,0,0,0,,,Q26886
mqtt-client,49,0,0,0,0,,,-1
django-application,49,0,0,0,0,,,-1
image-retrieval,49,1,1,1,3,Q10927554,,Q10927554
perfect,49,0,0,0,0,,,Q625420
glfw,49,0,0,0,0,,,Q11860238
jekyll-blog,49,0,0,0,0,,,-1
higher-order-component,49,0,0,0,0,,,Q27126332
jobs,49,0,0,0,0,,,Q6958747
study,49,0,0,0,0,,,Q1298668
provisioning,49,0,0,0,0,,,Q363947
attack,49,0,0,0,0,,,Q178049
javafx-application,49,0,0,0,0,,,-1
crates,49,0,0,0,0,,,Q19948507
ssd,49,0,0,0,0,,,Q113
touchbar,49,0,0,0,0,,,-1
network-security,49,1,1,1,3,Q989632,,Q989632
futures,49,0,0,0,0,,,Q183984
ico,49,0,0,0,0,,,Q729366
userscript,49,0,0,0,0,,,Q901312
kinect,49,0,0,0,0,,,Q474334
workflow-engine,49,0,0,0,0,,,Q2808660
ibm,49,0,0,0,0,,,Q37156
jupyterlab,49,0,0,0,0,,,Q99439725
timber,49,0,0,0,0,,,Q1370714
nodejs-modules,49,0,0,0,0,,,Q95956643
pwa-apps,49,0,0,0,0,,,Q23679990
proof-of-concept,49,0,0,0,0,,,Q1201019
leveldb,49,0,0,0,0,,,Q630473
feature-toggles,49,0,0,0,0,,,Q5439690
showcase,49,0,0,0,0,,,Q7503163
golang-tools,49,0,0,0,0,,,Q28974885
synthesizer,49,0,0,0,0,,,Q163829
vimeo,49,0,0,0,0,,,-1
e2e-tests,49,0,0,0,0,,,Q4165246
government,49,0,0,0,0,,,Q7188
fragments,49,0,0,0,0,,,Q2064585
smart,49,0,0,0,0,,,Q156490
retry,49,0,0,0,0,,,Q9307616
bukkit-plugin,49,0,0,0,0,,,-1
topic-modeling,49,1,1,1,3,Q96468792,,Q96468792
trading-platform,49,1,1,0,2,Q778043,,Q778043
android-things,49,0,0,0,0,,,Q20058659
kodi,49,0,0,0,0,,,Q919760
asm,49,0,0,0,0,,,Q165436
blog-theme,49,0,0,0,0,,,Q733234
win32,49,0,0,0,0,,,Q828191
parser-combinators,49,1,1,1,3,Q7139956,,Q7139956
pixijs,49,0,0,0,0,,,Q25345934
postgis,49,0,0,0,0,,,Q1569955
elastic,49,0,0,0,0,,,Q256817
office,49,0,0,0,0,,,Q11255
yandex,49,0,0,0,0,,,Q5281
mobx-react,49,0,0,0,0,,,-1
composer-package,49,0,0,0,0,,,Q108311377
nats,49,0,0,0,0,,,Q3307163
codable,49,0,0,0,0,,,Q188889
sharepoint,49,0,0,0,0,,,Q18833
wav,49,0,0,0,0,,,Q217570
naive-bayes-classifier,49,1,1,0,2,Q812530,,Q812530
plug,49,0,0,0,0,,,Q11464
word,48,0,0,0,0,,,Q8171
distance,48,0,0,0,0,,,Q126017
openwrt,48,0,0,0,0,,,Q1140401
blur,48,0,0,0,0,,,Q886391
automatic,48,0,0,0,0,,,Q184199
exercises,48,0,0,0,0,,,Q357104
observability,48,0,0,0,0,,,Q1369844
openbsd,48,0,0,0,0,,,Q34215
post-exploitation,48,0,0,0,0,,,-1
spring-boot-starter,48,0,0,0,0,,,-1
csharp-library,48,0,0,0,0,,,Q20707736
alerting,48,0,0,0,0,,,Q5243816
ipython-notebook,48,0,0,0,0,,,Q70357595
crf,48,0,0,0,0,,,Q386664
flutter-material,48,0,0,0,0,,,Q17590603
contentful,48,0,0,0,0,,,Q18348837
bitcoin-wallet,48,0,0,0,0,,,Q37307899
gpgpu,48,0,0,0,0,,,Q971505
fps,48,0,0,0,0,,,Q119565
drawer,48,0,0,0,0,,,Q201456
algorithm-challenges,48,0,0,0,0,,,Q16529433
puzzle,48,0,0,0,0,,,Q13698
gson,48,0,0,0,0,,,Q5514607
background-jobs,48,0,0,0,0,,,Q1641413
zeromq,48,0,0,0,0,,,Q8079189
passportjs,48,0,0,0,0,,,-1
vkontakte,48,0,0,0,0,,,Q116933
oci,48,0,0,0,0,,,Q42685
typo3,48,0,0,0,0,,,Q618512
threading,48,0,0,0,0,,,Q856915
cognitive-services,48,0,0,0,0,,,-1
nim-lang,48,0,0,0,0,,,Q20080327
image-captioning,48,1,1,1,3,Q39161486,,Q39161486
alignment,48,0,0,0,0,,,Q543533
tunnel,48,0,0,0,0,,,Q44377
spigot-plugin,48,0,0,0,0,,,-1
transitions,48,0,0,0,0,,,Q1577031
policy-gradient,48,0,0,0,0,,,-1
redis-cluster,48,0,0,0,0,,,Q107383292
fft,48,0,0,0,0,,,Q623950
haskell-library,48,0,0,0,0,,,Q69491560
xml-parser,48,0,0,0,0,,,Q2597528
wayland,48,0,0,0,0,,,Q14561
keras-models,48,0,0,0,0,,,-1
hyperparameter-optimization,48,1,1,1,3,Q28374376,,Q28374376
filtering,48,0,0,0,0,,,Q11332511
explorer,48,0,0,0,0,,,Q196305
supervisor,48,0,0,0,0,,,Q255063
beautifulsoup,48,0,0,0,0,,,Q2893296
osc,48,0,0,0,0,,,Q410833
safari,48,0,0,0,0,,,Q70060049
s3-bucket,48,0,0,0,0,,,Q29566011
ads,48,0,0,0,0,,,Q344046
iota,47,0,0,0,0,,,Q775892
startup,47,0,0,0,0,,,Q129238
javaee,47,0,0,0,0,,,Q193247
steem,47,0,0,0,0,,,Q55343615
adonisjs,47,0,0,0,0,,,-1
c99,47,0,0,0,0,,,Q1151257
firebase-functions,47,0,0,0,0,,,-1
osm,47,0,0,0,0,,,Q936
kotlin-extensions,47,0,0,0,0,,,-1
codemirror,47,0,0,0,0,,,Q11691284
high-performance-computing,47,1,0,0,1,,,Q121117
pattern-matching,47,1,1,1,3,Q1503724,,Q1503724
gdb,47,0,0,0,0,,,Q464113
palette,47,0,0,0,0,,,Q425548
local,47,0,0,0,0,,,Q6663937
banking,47,1,1,0,2,Q806718,,Q806718
flags,47,0,0,0,0,,,Q5426508
multiplayer-game,47,1,1,0,2,Q209075,,Q209075
dimensionality-reduction,47,1,1,0,2,Q16000077,,Q16000077
immutablejs,47,0,0,0,0,,,-1
echarts,47,0,0,0,0,,,Q96278896
phishing,47,1,1,0,2,Q135005,,Q135005
checker,47,0,0,0,0,,,Q14290457
api-management,47,1,0,0,1,,,Q28231474
sequencing,47,1,1,0,2,Q1764062,,Q1764062
kafka-connect,47,0,0,0,0,,,-1
tensorflow-serving,47,0,0,0,0,,,Q101067180
image-compression,47,1,1,1,3,Q412438,,Q412438
commonmark,47,0,0,0,0,,,Q18019138
arduino-ide,47,0,0,0,0,,,Q55080330
design-pattern,47,0,0,0,0,,,Q181156
resume-template,47,0,0,0,0,,,Q25952822
rhel,47,0,0,0,0,,,Q215273
mask,47,0,0,0,0,,,Q116441
darknet,47,0,0,0,0,,,Q1166273
dependency,47,0,0,0,0,,,Q178585
okhttp3,47,0,0,0,0,,,Q96279558
react-boilerplate,47,0,0,0,0,,,-1
ts,47,0,0,0,0,,,Q1306
esp32-arduino,47,0,0,0,0,,,Q105076435
readme,47,0,0,0,0,,,Q539662
database-management,47,1,1,1,3,Q107643461,,Q107643461
pull-to-refresh,47,0,0,0,0,,,Q25313523
render-props,47,0,0,0,0,,,-1
gaussian-processes,47,0,1,0,1,,,Q1496376
2d-game-engine,47,1,1,0,2,Q193564,Q193564,Q4945576
cifar10,47,0,0,0,0,,,Q45037095
iso,47,0,0,0,0,,,Q15028
translator,47,0,0,1,1,,,Q4462013
papers,47,0,0,0,0,,,Q7132759
worker,47,0,0,0,0,,,Q2560533
traffic,47,0,0,0,0,,,Q3512342
brute-force,47,0,0,0,0,,,Q850362
transit,47,0,0,0,0,,,Q6888
eventstore,47,0,0,0,0,,,-1
in-memory,47,0,0,0,0,,,Q5830907
octobercms,47,0,0,0,0,,,Q22661280
jackson,46,0,0,0,0,,,Q486137
music-library,46,0,0,0,0,,,Q2061246
vaadin,46,0,0,0,0,,,Q1400683
pytorch-implementation,46,0,0,0,0,,,-1
interval,46,0,0,0,0,,,Q185148
software-engineering,46,1,1,0,2,Q80993,,Q80993
mips,46,0,0,0,0,,,Q468066
graphics-engine,46,1,1,1,3,Q355134,,Q355134
beta,46,0,0,0,0,,,Q165191
web-security,46,1,1,1,3,Q1509541,,Q1509541
xterm,46,0,0,0,0,,,Q284297
no-std,46,0,0,0,0,,,Q7394711
probabilistic-programming,46,0,0,0,0,,,Q7246865
rtsp,46,0,0,0,0,,,Q682598
exoplayer,46,0,0,0,0,,,-1
python-3-6,46,0,0,0,0,,,Q28865
kotlin-native,46,0,0,0,0,,,-1
magento2-extension,46,0,0,0,0,,,Q71256096
web-audio,46,0,0,0,0,,,Q184973
jetpack,46,0,0,0,0,,,Q370949
msgpack,46,0,0,0,0,,,Q6821738
skin,46,0,0,0,0,,,Q171187
htmlwidgets,46,0,0,0,0,,,-1
graphics-library,46,0,0,0,0,,,Q337820
payment-integration,46,1,0,0,1,,,-1
dump,46,0,0,0,0,,,Q152810
drop,46,0,0,0,0,,,Q768908
error-reporting,46,0,0,0,0,,,Q59943994
socketio,46,0,0,0,0,,,Q107384137
sidekiq,46,0,0,0,0,,,Q51002502
web3js,46,0,0,0,0,,,Q20155677
database-migrations,46,1,1,0,2,Q7431119,,Q7431119
bibtex,46,0,0,0,0,,,Q8029
thymeleaf,46,0,0,0,0,,,Q3526177
azure-devops,46,0,0,0,0,,,Q107383122
foundation,46,0,0,0,0,,,Q157031
spec,46,0,0,0,0,,,Q654853
vlc,46,0,0,0,0,,,Q171477
apex,46,0,0,0,0,,,Q353282
human-pose-estimation,46,1,1,1,3,Q4800952,Q4800952,-1
keyboard-shortcuts,46,0,0,0,0,,,Q118470
lyrics,46,0,0,0,0,,,Q602446
snackbar,46,0,0,0,0,,,Q1318768
metasploit,46,0,0,0,0,,,Q1147445
deepmind,46,0,0,0,0,,,Q22329209
photoshop,46,0,0,0,0,,,Q129793
deep-learning-tutorial,46,0,0,0,0,,,Q197536
tensorflow-experiments,46,0,0,0,0,,,-1
facebook-messenger,46,0,0,0,0,,,Q116947
haproxy,46,0,0,0,0,,,Q5628948
sponge,46,0,0,0,0,,,Q18960
blueprint,46,0,0,0,0,,,Q422321
languages,46,0,0,0,0,,,Q34770
flutter-app,45,0,0,0,0,,,Q39072787
mitm,45,0,0,0,0,,,Q554830
google-assistant,45,0,0,0,0,,,Q25025241
space,45,0,0,0,0,,,Q1
quotes,45,0,0,0,0,,,Q8043
lottie,45,0,0,0,0,,,Q91611458
message-bus,45,0,0,0,0,,,Q1092177
caddy,45,0,0,0,0,,,Q411840
csp,45,0,0,0,0,,,Q285927
convolutional-neural-network,45,1,1,1,3,Q17084460,,Q17084460
tesseract-ocr,45,0,0,0,0,,,Q945242
geoip,45,0,0,0,0,,,Q16638847
restore,45,0,0,0,0,,,Q194274
md5,45,0,0,0,0,,,Q185235
banner,45,0,0,0,0,,,Q484509
flexible,45,0,0,0,0,,,Q259590
information-security,45,1,1,0,2,Q189900,,Q189900
arabic,45,0,0,0,0,,,Q1401708
inspector,45,0,0,0,0,,,Q511138
material-theme,45,0,0,0,0,,,Q7200372
smart-home,45,0,0,0,0,,,Q848436
design-tools,45,1,0,0,1,,,Q7824096
graphql-subscriptions,45,0,0,0,0,,,Q95961833
issues,45,0,0,0,0,,,-1
decentralization,45,0,0,0,0,,,Q188961
openfaas,45,0,0,0,0,,,Q107383577
facebook-login,45,0,0,0,0,,,-1
bypass,45,0,0,0,0,,,Q186020
jailbreak,45,0,0,0,0,,,Q305918
2d-game,45,0,0,0,0,,,Q457500
icon-pack,45,0,0,0,0,,,Q95953490
livestream,45,0,1,0,1,,,Q2378942
concurrent,45,0,0,0,0,,,Q128392
pgp,45,0,0,0,0,,,Q1227452
spark-streaming,45,0,0,0,0,,,Q11247660
distributed-database,45,1,1,1,3,Q989016,,Q989016
datadog,45,0,0,0,0,,,Q16248637
unidirectional-data-flow,45,0,0,0,0,,,Q65042742
popover,45,0,0,0,0,,,Q1640426
build-tools,45,1,0,0,1,,,Q2727468
league-of-legends,45,0,0,0,0,,,Q105221896
codec,45,0,0,0,0,,,Q184748
tokio,45,0,0,0,0,,,Q1490
vsts,45,0,0,0,0,,,Q2742842
tokens,45,0,0,0,0,,,Q85847828
python36,45,0,0,0,0,,,Q599384
persian,45,0,0,0,0,,,Q42610
dapper,45,0,0,0,0,,,Q18040228
sfml,45,0,0,0,0,,,Q919155
edge-computing,45,1,1,1,3,Q5337692,,Q5337692
kanban,45,0,0,0,0,,,Q18979
viper,44,0,0,0,0,,,Q20064
opencv3,44,0,0,0,0,,,Q165277
cards,44,0,0,0,0,,,Q142714
symbols,44,0,0,0,0,,,Q80071
irc-bot,44,1,1,0,2,Q507703,,Q507703
marketplace,44,0,0,0,0,,,Q132510
pharo,44,0,0,0,0,,,Q39715
keychain,44,0,0,0,0,,,Q51338
coinbase,44,0,0,0,0,,,Q16972754
networks,44,0,0,0,0,,,Q85717481
spam,44,0,0,0,0,,,Q83058
relation-extraction,44,1,1,0,2,Q7310755,,Q7310755
broadcast,44,0,0,0,0,,,Q922122
corpus,44,0,0,0,0,,,Q461183
network-visualization,44,1,0,0,1,,,-1
symfony4,44,0,0,0,0,,,Q9734
ring,44,0,0,0,0,,,Q45926
modern-cpp,44,0,0,0,0,,,Q104075508
mailer,44,0,0,0,0,,,Q33311
battery,44,0,0,0,0,,,Q13689
scalability,44,0,0,0,0,,,Q727490
users,44,0,0,0,0,,,Q4052462
print,44,0,0,0,0,,,Q173350
powershell-module,44,0,0,0,0,,,-1
arch,44,0,0,0,0,,,Q12277
fzf,44,0,0,0,0,,,Q99539404
vector-graphics,44,0,0,0,0,,,Q170130
zsh-plugin,44,0,0,0,0,,,-1
reason-react,44,0,0,0,0,,,-1
lock-free,44,0,0,0,0,,,Q1985141
rethinkdb,44,0,0,0,0,,,Q20890659
webtorrent,44,0,0,0,0,,,Q52233158
aac,44,0,0,0,0,,,Q337594
tensorboard,44,0,0,0,0,,,Q107381457
measure,44,0,0,0,0,,,Q192276
source-code,44,0,0,0,0,,,Q128751
pdo,44,0,0,0,0,,,Q41226
sprites,44,0,0,0,0,,,Q904961
gpx,44,0,0,0,0,,,Q576465
powershell-modules,44,0,0,0,0,,,-1